id;aluno_id;avaliacao_id;nota
1;1351;88;0.05
2;2807;36;9.03
3;3024;34;3.63
4;1843;77;1.58
5;1027;83;7.08
6;2807;39;9.27
7;66;39;0.03
8;1919;84;1.9
9;2768;8;8.84
10;466;25;4.72
11;2618;45;6.12
12;2370;85;9.46
13;2854;47;7.54
14;2238;83;4.79
15;1641;53;6.89
16;2651;45;6.51
17;1605;51;1.33
18;2589;59;3.85
19;3012;10;2.96
20;1223;35;1.07
21;1581;84;3.61
22;1118;73;6.35
23;2809;36;0.84
24;1150;5;3.73
25;1668;60;5.29
26;2026;99;7.46
27;2514;14;5.28
28;2032;91;4.51
29;1395;91;8.4
30;2346;6;4.92
31;1720;29;9.01
32;2999;88;9.14
33;142;83;6.26
34;3034;86;3.29
35;1664;53;8.3
36;1506;29;8.1
37;1653;39;9.55
38;339;60;6.15
39;1468;45;2.63
40;2966;84;4.02
41;749;20;5.32
42;2482;83;8.87
43;2699;61;0.99
44;2633;58;6.85
45;3059;47;8.29
46;1621;82;0.48
47;1186;46;2.72
48;1095;45;0.98
49;884;34;1.97
50;218;59;3.13
51;2037;14;6.17
52;281;57;9.99
53;1410;96;1.4
54;2358;49;0.03
55;1610;87;1.19
56;1457;51;3.82
57;873;80;7.59
58;1992;53;1.8
59;2891;43;2.53
60;2289;15;6.84
61;1945;6;9.64
62;1258;98;0.07
63;1370;96;4.05
64;2283;84;1.14
65;1637;7;4.07
66;2960;42;9.91
67;2934;74;2.01
68;2569;54;1.03
69;2856;75;4.07
70;1171;77;4.92
71;466;90;2.38
72;1672;78;0.66
73;2433;9;2.69
74;632;6;5.15
75;2138;62;8.26
76;2843;97;4.29
77;94;62;5.42
78;680;84;0.13
79;774;14;2.65
80;2146;11;9.0
81;2725;54;7.47
82;724;25;5.46
83;2648;23;2.12
84;2387;86;8.17
85;1584;54;3.24
86;607;6;9.06
87;1374;19;4.08
88;1105;84;8.32
89;3046;87;9.58
90;967;58;2.96
91;495;17;8.15
92;1882;12;9.92
93;2208;38;3.32
94;351;14;6.34
95;2079;80;2.64
96;1933;72;9.94
97;574;80;7.7
98;2495;4;4.73
99;832;87;2.16
100;974;5;0.94
101;2182;3;6.75
102;793;33;0.56
103;578;72;1.3
104;2447;7;3.96
105;1254;95;5.7
106;1605;52;9.04
107;2213;46;7.67
108;258;80;3.28
109;66;90;3.79
110;1478;59;1.14
111;902;81;5.58
112;69;94;8.34
113;537;60;1.81
114;840;72;3.67
115;542;67;9.77
116;367;44;6.32
117;2495;31;2.59
118;964;14;6.56
119;796;67;0.98
120;2665;65;6.83
121;2414;15;9.25
122;1217;24;6.47
123;453;7;1.37
124;1181;65;2.4
125;1650;77;8.64
126;2864;95;5.5
127;2927;61;7.84
128;2004;46;1.57
129;2013;90;6.29
130;1172;92;3.3
131;508;70;2.91
132;90;27;9.33
133;1918;87;2.23
134;900;74;9.13
135;630;46;1.94
136;3098;40;2.55
137;2231;5;9.9
138;1736;78;3.74
139;214;63;8.08
140;2553;16;7.28
141;989;39;8.51
142;1142;52;7.73
143;1596;19;3.83
144;1005;69;0.16
145;1338;87;6.6
146;1759;18;5.16
147;2399;47;4.64
148;1955;33;3.23
149;1484;62;1.72
150;1823;25;7.96
151;2217;65;1.83
152;2454;28;4.69
153;1704;69;7.62
154;2673;17;6.14
155;2464;73;1.6
156;2845;3;0.87
157;1843;65;2.84
158;2898;17;7.37
159;2907;73;1.99
160;363;3;3.98
161;2844;93;7.12
162;2353;22;9.81
163;1585;9;6.88
164;2814;35;6.14
165;1343;90;0.2
166;2957;8;5.66
167;2500;12;6.34
168;1055;11;7.0
169;646;12;6.89
170;811;20;4.03
171;1810;45;4.61
172;1115;17;5.56
173;126;29;6.85
174;479;42;7.14
175;471;49;4.63
176;3047;36;6.93
177;3037;47;7.31
178;1666;40;8.15
179;2500;55;2.23
180;45;31;7.52
181;447;38;3.17
182;907;79;9.02
183;1366;77;9.62
184;1337;1;4.7
185;1494;91;4.35
186;1442;54;7.74
187;1306;16;0.44
188;204;93;7.79
189;1686;33;3.83
190;2984;10;0.21
191;529;28;0.19
192;1149;70;5.04
193;1299;25;4.09
194;2351;55;0.25
195;1243;53;1.17
196;2236;61;2.3
197;1874;13;6.05
198;2432;2;1.68
199;2980;69;6.89
200;2998;90;9.83
201;1936;15;4.33
202;857;81;7.49
203;2226;36;9.62
204;259;55;6.03
205;2096;54;6.99
206;2148;80;6.87
207;1275;3;0.17
208;315;19;0.71
209;38;71;6.5
210;2604;91;5.24
211;210;82;7.54
212;2642;99;2.76
213;2909;100;1.56
214;16;53;3.73
215;1391;47;5.95
216;829;61;3.75
217;1426;40;7.4
218;1598;45;1.84
219;812;55;7.16
220;1436;38;5.82
221;809;30;2.24
222;784;78;2.35
223;285;54;8.2
224;1089;78;2.63
225;1968;56;1.43
226;2139;32;5.51
227;2917;74;3.62
228;719;44;4.51
229;87;52;6.22
230;2783;93;0.83
231;426;46;4.04
232;858;86;7.62
233;2880;47;5.02
234;1902;34;1.01
235;2076;77;1.6
236;2999;53;0.6
237;2054;31;7.72
238;2128;91;2.4
239;2536;100;2.07
240;1539;4;7.34
241;908;5;6.44
242;749;85;0.85
243;1405;3;4.12
244;208;40;6.06
245;3119;90;6.18
246;2096;80;7.1
247;657;20;7.47
248;262;25;9.22
249;1519;46;5.04
250;159;82;2.26
251;32;26;2.7
252;731;79;1.75
253;1549;24;9.18
254;480;33;7.54
255;2549;50;9.81
256;1208;40;9.67
257;336;90;3.75
258;841;94;2.46
259;854;18;0.57
260;2804;19;7.37
261;468;78;1.68
262;2509;39;1.79
263;1530;49;1.83
264;447;91;0.63
265;2411;89;1.61
266;2003;13;2.56
267;984;8;7.49
268;1375;1;1.56
269;2640;54;5.42
270;1839;23;7.61
271;792;80;0.87
272;121;82;1.52
273;2270;85;7.44
274;199;58;0.61
275;448;81;8.62
276;2639;94;1.86
277;1625;45;9.77
278;2153;95;0.96
279;1492;5;7.4
280;1915;50;3.78
281;692;97;1.2
282;2147;99;7.76
283;1545;31;8.39
284;558;5;1.0
285;667;57;2.11
286;2341;6;4.48
287;57;75;9.66
288;2193;96;6.61
289;290;92;0.03
290;1654;81;1.7
291;2411;24;0.79
292;2157;85;5.92
293;624;21;1.04
294;1024;26;3.35
295;1449;7;0.24
296;2613;16;6.94
297;2769;45;4.46
298;2208;52;0.75
299;1610;31;8.99
300;2674;6;0.31
301;401;42;5.36
302;1875;52;6.87
303;1474;7;3.66
304;1612;21;4.76
305;1813;15;2.15
306;1569;59;1.98
307;2534;57;3.33
308;2394;51;0.13
309;568;32;6.28
310;2296;32;1.41
311;476;33;3.78
312;2407;24;6.06
313;1641;75;9.49
314;1965;32;2.02
315;2114;61;5.82
316;2470;42;8.11
317;2973;14;9.35
318;370;46;8.14
319;867;80;0.16
320;974;74;3.42
321;1739;59;2.86
322;1149;65;9.61
323;49;77;5.95
324;1719;65;6.91
325;2162;14;8.54
326;1796;40;6.68
327;236;42;5.14
328;1207;70;6.33
329;1085;22;5.19
330;1294;100;2.49
331;356;16;4.92
332;2583;77;9.14
333;1346;8;7.39
334;544;58;4.77
335;2329;42;1.63
336;1030;9;4.85
337;2607;28;1.67
338;1079;48;6.21
339;3075;7;6.01
340;598;48;7.69
341;664;56;6.06
342;1297;12;2.29
343;2314;26;1.86
344;1178;75;1.64
345;2314;49;8.09
346;323;70;6.94
347;1892;56;8.73
348;1657;36;5.65
349;1323;77;0.15
350;236;74;7.29
351;1074;38;3.45
352;1620;81;5.57
353;357;72;8.86
354;822;19;7.69
355;1141;92;5.34
356;393;45;4.25
357;1709;21;0.53
358;1207;52;7.34
359;1977;30;9.84
360;2069;21;7.01
361;1050;59;4.2
362;2390;5;8.59
363;691;88;7.59
364;1522;23;0.63
365;503;64;6.53
366;143;16;2.13
367;1392;64;6.52
368;3063;36;1.06
369;2789;37;8.51
370;921;76;2.32
371;1515;53;8.06
372;385;83;6.33
373;194;6;6.62
374;670;93;8.99
375;2086;86;1.07
376;2458;7;3.01
377;536;64;9.26
378;2138;21;1.55
379;457;3;5.69
380;376;25;2.76
381;437;48;5.53
382;1677;89;3.99
383;1941;45;5.65
384;624;28;1.91
385;1999;56;6.28
386;1142;20;3.59
387;275;99;7.78
388;2589;65;1.47
389;113;28;4.3
390;433;17;9.67
391;1770;81;6.21
392;1180;89;0.44
393;1127;51;3.91
394;2584;59;1.48
395;2179;51;4.89
396;507;77;6.95
397;2461;46;3.02
398;1966;78;9.41
399;1890;48;4.93
400;241;46;9.15
401;1259;16;2.68
402;574;60;2.92
403;1345;47;0.83
404;1110;99;8.62
405;63;84;6.54
406;2981;52;2.25
407;1099;96;7.9
408;599;52;1.11
409;46;90;0.6
410;866;19;4.95
411;965;97;2.4
412;479;85;7.31
413;1484;64;6.93
414;818;16;9.13
415;2099;37;3.36
416;190;81;8.61
417;169;2;2.86
418;349;92;3.75
419;2633;78;2.73
420;2473;50;9.14
421;2744;51;3.1
422;2890;68;1.55
423;2806;23;3.01
424;753;81;2.27
425;2002;64;8.84
426;2720;22;3.23
427;3099;8;9.41
428;2133;36;6.66
429;2133;21;4.51
430;780;65;5.28
431;1318;32;3.03
432;2466;32;0.01
433;1753;87;4.37
434;2681;68;3.13
435;2392;41;1.28
436;1419;40;2.98
437;2669;57;6.87
438;907;69;9.47
439;27;75;7.09
440;1081;72;6.08
441;1245;8;0.72
442;2108;4;5.33
443;273;11;9.22
444;2062;33;1.82
445;1064;54;9.8
446;2506;19;2.88
447;2002;10;6.5
448;2182;83;5.96
449;2005;34;0.94
450;2392;71;4.73
451;1563;15;8.73
452;1313;72;0.61
453;1362;77;2.53
454;1894;18;6.52
455;2366;56;6.49
456;935;77;4.36
457;85;63;3.79
458;2622;10;1.23
459;1012;77;6.1
460;991;68;3.66
461;203;85;1.23
462;2339;66;7.62
463;3086;49;4.53
464;1089;96;0.91
465;1943;17;1.82
466;2968;30;8.46
467;2738;33;5.51
468;2925;16;5.34
469;2501;78;4.12
470;2929;36;3.59
471;337;85;4.07
472;3060;9;5.35
473;429;86;0.37
474;198;30;2.35
475;3056;60;5.05
476;565;45;5.28
477;409;95;7.44
478;819;87;6.19
479;1165;93;6.24
480;2407;26;5.91
481;1603;15;3.53
482;1892;37;4.58
483;2985;98;2.31
484;1438;57;3.06
485;2053;33;0.97
486;2254;85;6.57
487;1659;57;8.34
488;2553;72;4.18
489;803;67;0.07
490;1460;87;0.53
491;424;39;2.33
492;1993;34;2.14
493;1387;99;0.89
494;2365;9;1.03
495;480;4;7.25
496;2132;90;0.38
497;630;57;5.25
498;2753;20;1.88
499;1580;13;2.89
500;1352;8;8.58
501;3113;87;2.96
502;1469;62;6.65
503;375;68;9.65
504;522;50;5.45
505;129;43;7.56
506;269;30;6.07
507;1862;73;3.35
508;77;11;1.6
509;2746;84;2.12
510;304;94;7.09
511;967;72;3.94
512;193;46;1.26
513;1749;80;3.05
514;880;34;2.5
515;275;43;6.22
516;3105;64;5.74
517;2776;4;2.05
518;2083;19;8.92
519;1599;75;2.2
520;1802;29;6.29
521;2491;53;8.92
522;2420;86;1.55
523;354;66;0.74
524;1676;99;9.02
525;2232;80;7.55
526;740;23;8.57
527;487;63;4.28
528;3032;12;7.79
529;1446;5;2.2
530;1604;37;4.62
531;1657;52;6.99
532;1551;8;8.03
533;772;49;0.43
534;74;51;0.22
535;1703;55;0.74
536;1925;75;8.37
537;108;84;3.44
538;1100;86;2.81
539;2231;23;3.24
540;1529;19;1.31
541;637;43;6.3
542;3007;27;2.68
543;1489;38;4.58
544;2783;78;1.47
545;363;77;5.61
546;898;4;1.32
547;3069;55;4.89
548;1410;50;6.7
549;2192;97;2.78
550;1591;20;0.28
551;318;93;9.56
552;1040;20;7.53
553;575;60;4.8
554;1492;68;4.41
555;774;71;7.12
556;1477;44;7.09
557;1307;49;0.44
558;1938;29;7.16
559;1209;16;2.52
560;60;3;6.66
561;3089;100;2.35
562;2386;77;7.59
563;679;60;2.7
564;3051;54;6.81
565;547;24;6.47
566;2690;27;1.2
567;1195;64;8.26
568;38;6;2.62
569;3037;45;4.2
570;435;27;8.26
571;650;66;9.28
572;622;18;7.82
573;453;57;1.41
574;2734;37;6.2
575;1271;64;1.4
576;1533;94;5.63
577;2421;16;3.96
578;866;66;5.13
579;3019;78;7.49
580;3022;43;4.14
581;521;71;0.2
582;795;24;5.11
583;1558;99;3.44
584;1595;81;5.39
585;2521;99;5.18
586;2684;56;4.09
587;1637;88;2.61
588;1204;9;7.36
589;1826;90;8.55
590;2244;2;8.28
591;1100;98;4.51
592;2420;32;2.35
593;1280;89;5.36
594;691;95;0.08
595;1493;13;0.99
596;388;67;7.98
597;2172;40;0.87
598;1840;12;2.27
599;1719;24;1.91
600;2387;92;4.35
601;1369;98;0.53
602;2916;12;8.33
603;2909;69;4.77
604;1436;34;0.4
605;2923;43;7.38
606;2456;71;6.73
607;2197;98;3.33
608;3113;25;9.38
609;270;39;3.74
610;2733;98;8.07
611;1419;14;0.54
612;2852;61;3.78
613;2452;88;5.05
614;865;29;9.74
615;643;10;0.72
616;527;38;4.13
617;1135;69;9.43
618;1106;9;7.49
619;1668;36;4.84
620;2244;68;5.72
621;1008;1;8.79
622;3069;98;1.69
623;2787;9;0.96
624;2047;31;7.33
625;2119;92;1.94
626;1826;75;1.35
627;1614;59;0.26
628;2391;75;4.37
629;1415;15;8.61
630;551;19;5.16
631;354;19;0.65
632;543;83;4.86
633;2435;23;8.98
634;1152;92;8.32
635;3;53;8.63
636;557;80;1.88
637;1921;68;5.04
638;1863;94;2.03
639;307;4;6.47
640;1598;67;8.18
641;1568;44;7.99
642;821;1;0.62
643;2167;81;0.89
644;275;3;1.87
645;1800;70;9.35
646;1325;84;2.72
647;1156;51;1.38
648;1876;69;2.67
649;122;3;9.17
650;1966;96;2.19
651;2563;97;0.26
652;1518;81;5.24
653;245;68;9.6
654;822;55;5.48
655;486;65;5.16
656;27;85;2.07
657;98;56;5.69
658;2542;45;4.44
659;692;20;2.93
660;1140;29;1.98
661;2713;76;9.36
662;878;65;4.83
663;500;5;3.78
664;50;72;8.95
665;273;84;0.76
666;2249;19;3.73
667;2748;81;3.92
668;1856;61;0.94
669;398;26;3.37
670;1677;25;1.27
671;9;39;3.4
672;1192;96;8.05
673;2988;41;4.69
674;1707;11;6.1
675;2936;37;6.17
676;2926;11;2.77
677;2571;26;5.33
678;1814;56;8.35
679;41;78;6.85
680;557;47;5.55
681;648;26;7.82
682;2754;86;2.24
683;88;48;9.15
684;2605;82;7.66
685;807;23;3.72
686;3109;48;0.2
687;2927;61;0.71
688;2763;24;5.01
689;1170;60;6.92
690;939;69;2.43
691;2708;74;5.36
692;2600;37;4.4
693;60;79;9.1
694;2815;43;2.53
695;2291;57;5.61
696;1225;41;4.84
697;2745;32;6.25
698;2287;63;1.99
699;389;26;0.23
700;1426;97;2.84
701;776;9;5.57
702;342;89;7.37
703;481;9;0.36
704;2082;96;2.09
705;1980;93;9.09
706;2582;37;1.21
707;523;92;7.07
708;1754;35;4.74
709;1246;29;3.63
710;477;27;0.58
711;2467;69;0.87
712;620;39;0.97
713;2129;61;1.01
714;169;62;1.91
715;3029;15;6.47
716;594;31;5.58
717;260;96;6.86
718;970;47;5.93
719;479;2;2.07
720;1996;60;4.58
721;994;25;7.96
722;152;28;6.22
723;1394;95;8.06
724;335;96;0.51
725;831;91;3.27
726;696;27;0.72
727;2070;94;9.83
728;837;74;3.48
729;2940;15;7.51
730;77;90;5.09
731;152;82;3.6
732;1200;6;8.91
733;2071;45;5.44
734;645;16;3.41
735;1068;13;9.17
736;1527;1;1.75
737;1997;9;1.51
738;28;9;0.51
739;1229;29;7.17
740;2202;76;1.01
741;2995;26;3.56
742;1294;7;1.35
743;2510;51;2.19
744;1602;13;4.36
745;1822;5;7.83
746;1083;95;7.44
747;2723;77;7.66
748;1489;73;6.38
749;3016;2;6.54
750;645;39;7.57
751;636;13;7.1
752;3071;17;3.55
753;1872;8;9.69
754;1571;100;1.83
755;1024;52;6.58
756;1743;21;4.29
757;2222;62;8.45
758;454;13;1.67
759;1493;94;8.27
760;1984;6;1.86
761;2527;34;6.94
762;3015;100;8.79
763;2622;13;8.36
764;1811;89;8.88
765;2839;57;9.97
766;2412;15;7.95
767;1608;60;7.67
768;2281;80;0.82
769;2057;99;2.3
770;2137;9;1.18
771;395;20;0.61
772;999;66;8.19
773;467;30;7.02
774;382;18;6.07
775;2723;67;3.67
776;787;39;0.15
777;1780;56;2.53
778;445;24;7.49
779;912;37;3.76
780;1905;46;8.91
781;2387;98;6.98
782;735;43;7.64
783;4;34;4.22
784;2377;38;4.09
785;2209;78;5.01
786;633;89;2.08
787;2272;98;7.2
788;1440;19;0.57
789;609;89;8.15
790;934;65;9.71
791;1992;77;3.3
792;1759;49;9.76
793;717;48;6.33
794;2692;31;4.94
795;2797;12;8.64
796;115;69;2.56
797;1331;90;3.81
798;2712;30;5.9
799;2880;85;6.37
800;2782;6;9.93
801;898;99;4.88
802;1077;64;9.45
803;1351;74;1.84
804;671;30;7.94
805;935;5;6.38
806;565;53;0.1
807;3051;83;3.06
808;2590;84;4.28
809;2948;41;4.11
810;710;94;1.87
811;3119;8;5.42
812;1488;47;1.55
813;800;98;1.45
814;1881;51;1.94
815;1467;67;8.03
816;804;48;1.91
817;1236;73;9.14
818;2482;19;5.56
819;550;96;6.24
820;2217;80;0.5
821;1;35;1.4
822;1994;48;4.67
823;180;28;2.43
824;132;73;7.75
825;2019;38;7.6
826;847;23;7.73
827;690;28;7.32
828;3005;46;7.32
829;2366;97;6.57
830;1210;88;8.07
831;1558;86;2.7
832;3081;10;1.6
833;900;88;6.02
834;2926;3;6.69
835;1066;6;4.81
836;1411;44;4.01
837;1103;81;8.03
838;2218;16;5.61
839;421;3;9.69
840;1995;95;0.19
841;1539;83;8.45
842;828;29;7.29
843;134;76;0.55
844;2921;72;5.28
845;581;76;5.65
846;731;15;1.85
847;1816;58;5.71
848;678;53;8.85
849;1142;1;2.92
850;2106;68;9.78
851;2951;43;1.55
852;171;89;9.84
853;2009;91;6.09
854;75;57;0.0
855;898;6;1.96
856;546;77;2.06
857;2829;50;0.32
858;3094;30;0.92
859;196;9;5.57
860;512;87;1.27
861;1072;97;2.03
862;1937;50;8.61
863;2125;26;7.87
864;636;88;2.95
865;2571;85;0.88
866;248;61;1.52
867;1192;90;1.58
868;1540;8;4.18
869;595;54;4.44
870;507;22;8.04
871;161;83;3.04
872;334;23;0.47
873;459;56;0.4
874;1582;45;5.68
875;745;65;6.2
876;1922;17;4.89
877;414;11;1.69
878;2378;33;5.17
879;252;85;6.48
880;2005;99;6.67
881;2772;98;7.86
882;384;93;3.57
883;631;25;0.13
884;1851;79;7.32
885;1921;67;0.27
886;536;23;6.46
887;2963;17;9.95
888;1418;53;3.24
889;2955;88;2.99
890;665;47;3.33
891;2017;49;9.46
892;2343;83;2.82
893;2545;22;7.78
894;2711;61;2.54
895;1668;91;7.99
896;1063;44;9.8
897;831;52;1.02
898;1132;1;7.94
899;216;42;3.87
900;1629;83;0.13
901;701;82;8.09
902;386;30;7.15
903;1709;34;7.42
904;20;10;3.67
905;2142;25;0.5
906;839;64;7.15
907;1753;88;5.01
908;264;67;8.59
909;490;37;5.63
910;1310;70;7.38
911;2350;88;9.1
912;2875;52;9.36
913;592;33;5.68
914;1977;26;1.06
915;3099;12;1.96
916;734;96;5.62
917;3036;57;5.93
918;1751;28;0.98
919;775;54;8.56
920;1634;52;6.09
921;2372;84;9.96
922;75;17;5.7
923;2028;100;3.5
924;90;7;6.02
925;213;66;1.07
926;344;42;9.68
927;2757;90;2.68
928;439;87;9.05
929;2019;30;0.1
930;1863;53;8.29
931;805;42;1.96
932;1614;96;3.89
933;2706;99;2.28
934;1410;53;6.54
935;46;40;6.52
936;533;3;3.1
937;390;97;2.75
938;2663;65;7.98
939;666;74;5.24
940;2965;54;0.65
941;2291;10;6.21
942;12;16;6.94
943;731;54;8.54
944;2437;48;7.75
945;1708;3;6.18
946;967;35;3.1
947;1870;81;1.25
948;766;80;0.5
949;1979;99;6.12
950;2949;17;7.49
951;229;24;1.16
952;2739;23;6.41
953;1087;58;1.98
954;2286;91;7.67
955;660;45;9.36
956;1089;60;8.29
957;164;100;3.59
958;2169;61;2.43
959;1994;85;6.64
960;2061;28;8.51
961;1420;19;5.01
962;3044;49;9.75
963;223;67;4.92
964;2052;38;3.52
965;2434;31;0.09
966;400;35;2.98
967;3034;97;8.0
968;2295;32;6.3
969;384;29;3.13
970;1762;62;2.51
971;2271;16;0.53
972;2983;95;3.52
973;3050;26;0.75
974;1291;73;4.92
975;2194;1;8.08
976;2745;51;4.29
977;2479;23;1.06
978;2023;92;4.05
979;954;18;7.02
980;1005;92;0.56
981;2605;98;1.15
982;1949;43;9.11
983;214;45;5.73
984;1355;69;1.13
985;2292;56;9.49
986;2204;92;7.94
987;48;54;8.17
988;319;16;2.38
989;36;42;8.21
990;2424;89;6.83
991;1745;31;4.96
992;2050;38;0.77
993;915;22;3.57
994;2411;97;5.89
995;1531;82;2.99
996;2213;8;3.43
997;1880;29;2.74
998;2767;14;5.37
999;2975;79;5.81
1000;2912;68;9.55
1001;146;72;9.31
1002;853;58;0.38
1003;2226;48;6.09
1004;2596;25;3.67
1005;2530;45;1.89
1006;2584;46;2.43
1007;2541;89;8.05
1008;2025;65;9.62
1009;967;66;6.76
1010;824;27;0.17
1011;1932;41;7.61
1012;1920;33;6.64
1013;517;5;6.57
1014;1398;66;4.67
1015;2617;12;2.28
1016;530;43;6.06
1017;1548;84;1.66
1018;1099;38;2.15
1019;2322;83;0.47
1020;1692;77;1.64
1021;1123;73;5.55
1022;470;65;2.0
1023;377;72;8.19
1024;1036;85;9.75
1025;800;93;6.95
1026;340;3;8.93
1027;1478;35;6.63
1028;1029;68;2.4
1029;2367;24;7.39
1030;2586;26;2.61
1031;1335;29;3.04
1032;658;39;0.23
1033;1668;22;1.67
1034;568;51;8.57
1035;392;9;4.8
1036;578;79;0.94
1037;2763;36;0.61
1038;1048;48;4.69
1039;397;12;6.5
1040;867;33;6.06
1041;2043;96;7.84
1042;1324;16;5.07
1043;144;70;1.02
1044;2240;83;9.66
1045;371;48;9.04
1046;271;35;6.82
1047;609;32;0.16
1048;1146;31;4.09
1049;858;13;6.76
1050;1663;29;5.21
1051;2386;75;6.48
1052;2584;12;2.49
1053;2230;13;8.31
1054;2119;16;2.28
1055;1270;55;9.79
1056;520;29;6.46
1057;1899;61;7.99
1058;2424;63;7.72
1059;2170;38;2.58
1060;1863;8;0.21
1061;2508;23;8.66
1062;2657;98;0.53
1063;677;2;0.41
1064;969;75;1.94
1065;110;21;6.83
1066;915;97;7.78
1067;285;47;9.9
1068;2249;71;6.49
1069;69;72;1.18
1070;451;2;5.3
1071;2468;95;7.54
1072;2834;80;9.96
1073;2389;26;5.42
1074;2443;74;2.05
1075;2559;95;2.7
1076;1961;35;7.51
1077;999;17;1.72
1078;1440;66;3.06
1079;1501;85;9.73
1080;140;91;2.26
1081;1849;54;0.4
1082;2939;68;8.02
1083;1729;17;2.23
1084;967;36;4.55
1085;2036;83;2.64
1086;2656;72;0.95
1087;78;31;1.43
1088;1886;94;0.77
1089;1375;10;8.85
1090;30;93;7.68
1091;2954;3;8.8
1092;447;71;9.64
1093;1756;52;9.39
1094;2761;88;3.88
1095;2253;58;0.28
1096;94;36;2.7
1097;280;1;2.76
1098;2097;23;6.34
1099;1790;53;4.28
1100;1977;21;0.59
1101;1192;84;0.42
1102;2009;93;8.13
1103;858;75;4.45
1104;41;79;9.04
1105;546;14;8.68
1106;2151;37;3.39
1107;382;21;1.08
1108;246;71;3.67
1109;760;88;3.22
1110;1034;89;8.77
1111;1686;35;0.15
1112;2888;42;4.77
1113;1247;22;3.53
1114;1888;46;2.66
1115;2533;86;1.28
1116;1261;72;5.12
1117;3095;51;8.09
1118;1469;81;4.96
1119;1869;19;0.28
1120;607;17;6.69
1121;2593;28;8.08
1122;2016;38;2.61
1123;2723;24;0.77
1124;2324;16;4.09
1125;796;78;8.88
1126;748;51;7.08
1127;253;23;5.27
1128;1950;40;4.92
1129;667;100;9.83
1130;2618;48;1.12
1131;43;39;5.2
1132;3104;58;2.26
1133;3052;5;7.59
1134;582;94;6.31
1135;752;97;5.87
1136;1374;100;0.13
1137;1386;13;9.72
1138;910;76;5.25
1139;734;29;9.4
1140;1560;72;6.6
1141;472;91;5.51
1142;2917;32;2.86
1143;2301;21;7.79
1144;1100;69;0.27
1145;1439;66;4.55
1146;2763;67;4.25
1147;1522;30;2.31
1148;558;71;4.85
1149;1027;39;9.38
1150;895;18;4.83
1151;2903;95;4.58
1152;2612;82;8.14
1153;412;75;9.46
1154;202;87;1.98
1155;1544;78;1.16
1156;1905;63;6.0
1157;1230;15;0.52
1158;2652;65;4.06
1159;1865;79;0.14
1160;902;3;0.16
1161;2873;7;6.94
1162;3100;61;0.76
1163;2259;29;9.36
1164;226;23;8.91
1165;2844;22;1.63
1166;1457;91;5.52
1167;946;95;9.63
1168;1940;58;4.99
1169;2447;47;2.84
1170;2942;14;1.57
1171;1071;18;7.27
1172;2891;68;9.28
1173;1855;41;1.07
1174;2430;20;8.65
1175;1409;27;5.54
1176;430;67;6.9
1177;2417;34;4.64
1178;2396;96;5.33
1179;423;68;5.87
1180;816;59;7.66
1181;288;68;7.71
1182;1698;22;6.16
1183;2396;86;3.73
1184;1308;76;2.19
1185;2727;14;1.41
1186;1892;67;1.02
1187;2033;61;9.73
1188;1275;59;8.99
1189;163;62;6.44
1190;351;39;0.7
1191;2263;49;0.18
1192;803;38;2.79
1193;876;70;3.18
1194;1874;32;4.61
1195;1896;12;4.51
1196;324;85;6.65
1197;2867;94;1.28
1198;1207;72;0.01
1199;2500;59;8.41
1200;618;85;7.27
1201;630;79;0.54
1202;2695;48;4.01
1203;1221;58;9.25
1204;1438;54;8.36
1205;2086;23;4.68
1206;543;48;8.37
1207;2997;47;2.56
1208;187;21;3.11
1209;2538;89;2.38
1210;2526;40;9.39
1211;1429;92;7.53
1212;1371;16;7.26
1213;921;32;0.08
1214;2124;84;2.2
1215;2427;36;5.36
1216;1164;4;7.18
1217;464;33;8.2
1218;1477;96;1.18
1219;2534;50;1.96
1220;74;52;6.65
1221;657;87;1.3
1222;2627;51;0.13
1223;1806;8;6.88
1224;1853;31;0.94
1225;662;73;4.72
1226;865;16;8.34
1227;1367;17;2.01
1228;2142;100;5.87
1229;443;83;7.47
1230;216;82;7.21
1231;2106;97;0.24
1232;1106;14;7.53
1233;2866;65;7.89
1234;885;9;0.12
1235;531;91;0.36
1236;1753;40;8.56
1237;1792;14;4.19
1238;2324;14;4.18
1239;1055;90;5.17
1240;422;24;4.64
1241;948;35;0.6
1242;669;73;4.54
1243;988;21;4.76
1244;776;94;5.15
1245;491;31;0.88
1246;2467;28;2.16
1247;1484;77;0.77
1248;149;86;4.75
1249;2823;18;6.29
1250;1431;8;1.95
1251;1309;10;4.32
1252;2916;36;5.46
1253;714;6;5.13
1254;1544;23;4.76
1255;2975;90;1.9
1256;2244;64;4.42
1257;3109;92;5.67
1258;2596;16;7.62
1259;1299;5;9.77
1260;1229;88;7.04
1261;1920;7;0.7
1262;2068;24;3.38
1263;2028;53;8.85
1264;2027;41;4.13
1265;1926;55;5.02
1266;2059;100;8.95
1267;2791;28;9.05
1268;1809;72;0.76
1269;824;44;0.21
1270;2006;42;5.8
1271;2767;4;8.93
1272;499;56;7.91
1273;558;73;0.1
1274;2218;84;1.12
1275;879;48;3.99
1276;736;5;8.08
1277;1959;14;0.12
1278;2275;83;7.71
1279;995;50;9.6
1280;2620;39;6.1
1281;443;54;5.15
1282;1259;53;0.99
1283;2525;85;4.48
1284;1891;17;1.21
1285;297;67;3.03
1286;689;61;4.61
1287;2053;46;9.59
1288;2204;81;3.84
1289;1435;32;7.55
1290;1608;60;7.28
1291;792;63;9.15
1292;31;52;3.18
1293;587;58;2.5
1294;207;75;4.91
1295;1283;32;3.63
1296;2107;60;9.61
1297;1364;8;2.64
1298;1374;83;3.03
1299;1298;68;2.0
1300;1685;81;5.6
1301;2931;4;2.8
1302;1812;97;7.64
1303;853;61;5.48
1304;2283;81;6.77
1305;2703;29;3.74
1306;2441;65;8.3
1307;1704;50;2.48
1308;1939;56;4.43
1309;588;21;3.74
1310;2677;64;9.16
1311;713;65;8.61
1312;2001;13;1.62
1313;1423;44;3.98
1314;272;38;0.09
1315;1118;98;2.93
1316;2922;85;9.46
1317;477;11;3.59
1318;2219;24;0.32
1319;708;68;5.95
1320;181;66;4.52
1321;2467;5;1.57
1322;2080;33;4.76
1323;487;25;6.8
1324;2405;97;7.44
1325;1896;16;3.3
1326;1621;9;6.85
1327;1445;48;2.46
1328;1694;65;8.99
1329;1343;1;2.63
1330;1261;34;0.83
1331;2458;4;4.2
1332;1472;36;1.03
1333;1959;86;8.83
1334;676;70;8.12
1335;2890;60;6.21
1336;372;71;7.6
1337;999;46;2.86
1338;2453;49;5.4
1339;1104;26;7.21
1340;1116;30;1.77
1341;2168;50;0.07
1342;2793;99;3.6
1343;1748;74;0.51
1344;1946;86;5.54
1345;523;34;5.79
1346;2406;14;0.09
1347;1022;90;5.87
1348;2246;3;6.76
1349;2804;2;2.73
1350;2516;49;2.5
1351;1442;18;6.77
1352;1176;98;6.0
1353;1411;50;4.91
1354;1960;19;9.39
1355;2879;29;2.86
1356;1248;30;4.78
1357;1392;75;6.25
1358;2654;30;2.55
1359;2562;41;8.99
1360;237;36;3.85
1361;571;95;5.13
1362;516;70;3.73
1363;259;48;6.41
1364;1140;100;0.86
1365;3010;50;0.12
1366;2866;74;4.82
1367;2418;28;0.33
1368;2073;33;9.18
1369;2082;45;0.82
1370;1631;51;4.98
1371;176;4;9.21
1372;115;1;8.08
1373;478;84;4.44
1374;3051;66;2.81
1375;786;52;1.6
1376;864;69;4.58
1377;2190;94;8.6
1378;946;66;1.0
1379;1065;80;8.17
1380;589;36;0.33
1381;1605;84;7.05
1382;1012;87;2.02
1383;2277;92;8.02
1384;651;60;0.78
1385;1842;55;3.5
1386;1166;89;3.2
1387;1982;86;2.86
1388;1748;8;6.85
1389;809;87;2.74
1390;903;49;2.67
1391;1077;13;6.65
1392;1740;1;8.74
1393;1694;88;2.19
1394;2827;98;3.45
1395;2997;76;5.5
1396;1390;2;8.26
1397;1141;66;1.45
1398;23;31;7.86
1399;1420;72;9.68
1400;2611;95;1.48
1401;1266;57;4.99
1402;1723;43;3.25
1403;1378;44;6.85
1404;1423;60;9.1
1405;780;43;6.69
1406;2230;38;2.58
1407;317;64;1.74
1408;1514;63;0.33
1409;1232;99;3.72
1410;2980;21;6.2
1411;948;96;3.83
1412;2573;54;5.88
1413;1922;20;8.73
1414;2926;87;1.51
1415;2932;64;5.29
1416;1151;11;1.71
1417;2029;10;9.91
1418;2574;35;1.73
1419;2070;52;7.07
1420;2066;86;6.16
1421;2695;15;2.51
1422;1459;10;4.91
1423;642;2;6.03
1424;95;61;7.44
1425;573;78;8.44
1426;2145;1;5.03
1427;666;29;3.85
1428;1411;11;0.21
1429;2482;33;5.33
1430;2095;89;5.44
1431;2915;4;4.46
1432;3022;16;5.58
1433;191;87;5.57
1434;3113;47;7.16
1435;1656;42;9.13
1436;2271;68;8.26
1437;2295;75;4.31
1438;2032;11;5.5
1439;1596;42;5.22
1440;2548;95;0.34
1441;1989;18;9.84
1442;2434;54;9.11
1443;179;91;7.41
1444;311;76;5.27
1445;2368;76;4.47
1446;1215;26;4.5
1447;2388;44;0.43
1448;1547;38;5.38
1449;314;1;7.42
1450;1625;32;9.67
1451;3097;16;5.73
1452;1249;92;7.23
1453;193;18;3.38
1454;641;40;9.89
1455;2582;74;1.35
1456;1098;58;3.42
1457;346;98;8.79
1458;58;62;0.34
1459;1693;21;2.88
1460;1204;44;3.78
1461;273;39;2.15
1462;3056;85;4.53
1463;817;72;4.37
1464;2262;71;0.97
1465;2877;9;2.6
1466;1732;25;0.64
1467;1690;10;0.85
1468;1516;55;8.74
1469;3028;27;3.44
1470;2101;81;0.93
1471;437;30;8.33
1472;2343;40;1.59
1473;2948;21;2.88
1474;416;5;2.97
1475;1895;88;5.61
1476;2319;37;2.58
1477;2650;74;6.38
1478;773;74;1.94
1479;70;50;6.36
1480;2530;49;6.49
1481;445;53;7.57
1482;291;64;4.39
1483;244;60;7.42
1484;1792;54;1.45
1485;1677;90;3.45
1486;83;76;4.95
1487;2974;92;8.5
1488;1458;8;4.83
1489;3084;52;9.28
1490;2328;77;4.62
1491;20;48;8.2
1492;60;22;5.38
1493;1503;98;3.54
1494;743;52;0.73
1495;2672;9;4.13
1496;2226;44;4.4
1497;639;47;3.9
1498;391;4;3.84
1499;2029;8;2.83
1500;2746;13;8.25
1501;285;81;1.26
1502;735;72;1.14
1503;532;34;8.7
1504;737;41;0.3
1505;340;37;2.6
1506;832;2;0.53
1507;36;6;9.64
1508;86;73;5.05
1509;1689;9;9.22
1510;2821;38;1.56
1511;1729;85;0.85
1512;2277;63;0.67
1513;2022;73;3.72
1514;1535;20;3.7
1515;2144;35;9.09
1516;1602;12;9.78
1517;1410;44;7.27
1518;2004;2;9.11
1519;2339;82;5.25
1520;2626;15;7.2
1521;1349;93;9.1
1522;2436;14;5.81
1523;1014;43;4.29
1524;2763;52;6.13
1525;708;59;2.95
1526;766;16;5.75
1527;1437;50;0.57
1528;2587;18;4.64
1529;2306;25;3.9
1530;967;11;0.4
1531;790;33;4.86
1532;710;58;8.33
1533;787;58;1.52
1534;2139;10;2.35
1535;1895;29;6.07
1536;2990;40;5.24
1537;1270;2;8.37
1538;2674;69;9.75
1539;2;43;7.71
1540;1929;8;8.4
1541;1954;35;6.45
1542;1235;72;8.29
1543;369;51;4.25
1544;885;28;4.94
1545;1750;2;7.03
1546;9;6;9.28
1547;1513;33;2.37
1548;1254;73;6.77
1549;2988;81;7.68
1550;1167;70;2.34
1551;1680;60;8.01
1552;1549;69;7.37
1553;2506;86;5.98
1554;2665;65;9.83
1555;767;6;7.05
1556;998;15;2.2
1557;1798;41;9.95
1558;1731;31;2.5
1559;298;9;8.43
1560;2986;1;4.14
1561;1328;13;7.89
1562;1271;93;3.81
1563;1430;58;7.43
1564;2941;43;7.16
1565;1225;29;8.47
1566;1088;92;9.03
1567;1177;70;1.28
1568;2187;53;4.22
1569;1558;31;2.8
1570;2589;42;9.0
1571;1593;60;2.13
1572;2602;43;5.89
1573;1855;66;3.02
1574;2575;96;7.2
1575;2647;55;1.75
1576;3045;50;9.53
1577;1395;16;6.69
1578;1386;86;5.05
1579;1492;25;2.95
1580;2370;1;5.2
1581;1300;96;7.81
1582;833;81;6.84
1583;2800;98;7.43
1584;255;49;5.53
1585;2107;76;6.22
1586;2444;9;1.45
1587;1560;95;5.77
1588;1479;49;7.03
1589;678;73;6.9
1590;997;4;8.31
1591;894;2;4.71
1592;1425;99;6.91
1593;2049;27;2.03
1594;455;2;3.77
1595;791;32;2.34
1596;551;8;4.31
1597;856;82;8.27
1598;169;22;0.34
1599;1048;47;3.02
1600;574;98;1.16
1601;2626;53;1.0
1602;458;44;5.4
1603;743;95;0.48
1604;494;18;1.86
1605;1515;71;2.41
1606;3091;2;4.14
1607;3110;61;2.81
1608;2927;79;6.64
1609;2533;90;9.9
1610;749;7;3.53
1611;156;53;5.79
1612;2753;91;5.42
1613;488;9;4.51
1614;3072;18;6.39
1615;1025;54;5.89
1616;2047;94;1.75
1617;3095;73;1.97
1618;2742;16;4.91
1619;2462;53;6.7
1620;184;55;9.29
1621;2314;49;9.17
1622;65;58;2.11
1623;1699;26;9.78
1624;2765;25;8.17
1625;1747;35;7.7
1626;80;81;4.83
1627;2727;68;5.28
1628;2622;67;7.86
1629;1431;15;1.74
1630;1043;93;1.39
1631;1356;40;6.27
1632;1326;79;5.99
1633;473;52;8.02
1634;2586;74;5.57
1635;898;99;8.79
1636;2567;91;2.24
1637;2779;96;0.43
1638;1132;32;1.21
1639;498;63;8.49
1640;2662;47;6.72
1641;600;14;5.7
1642;2314;27;4.14
1643;196;77;8.17
1644;2934;59;0.11
1645;2898;45;3.68
1646;3012;77;4.27
1647;1334;52;3.87
1648;1024;81;0.1
1649;967;90;3.1
1650;2059;34;8.65
1651;2735;92;0.26
1652;2319;100;6.94
1653;2308;34;3.64
1654;543;54;6.85
1655;2018;95;1.85
1656;495;16;4.82
1657;937;23;9.22
1658;2730;80;8.08
1659;2333;84;8.07
1660;1424;30;3.19
1661;1459;15;6.0
1662;3086;54;6.58
1663;367;27;0.93
1664;102;60;3.74
1665;86;31;4.62
1666;2846;57;7.49
1667;252;17;2.67
1668;2516;15;2.65
1669;3074;63;8.69
1670;1382;92;1.94
1671;2058;94;2.44
1672;715;91;1.13
1673;2393;79;7.52
1674;2459;46;2.45
1675;2319;7;8.67
1676;148;78;7.31
1677;2266;14;2.35
1678;2900;98;9.07
1679;2664;72;6.01
1680;2774;74;4.79
1681;453;24;0.93
1682;2995;15;7.11
1683;2747;90;5.53
1684;1987;51;8.93
1685;2373;27;4.4
1686;1727;61;3.3
1687;1395;67;9.63
1688;558;89;9.2
1689;1056;50;5.63
1690;565;64;5.17
1691;2876;71;5.58
1692;814;43;8.64
1693;488;63;2.11
1694;2376;80;9.92
1695;2170;89;9.37
1696;403;83;3.9
1697;767;54;1.24
1698;1495;84;1.77
1699;1668;6;5.89
1700;2569;98;9.82
1701;971;80;3.27
1702;2675;66;6.67
1703;190;23;8.69
1704;1627;38;3.8
1705;14;48;8.68
1706;536;6;0.96
1707;1625;24;8.89
1708;2164;83;8.76
1709;296;19;3.1
1710;1013;23;5.93
1711;1257;73;5.28
1712;707;97;2.22
1713;2769;7;1.01
1714;2534;21;2.22
1715;94;16;1.39
1716;1589;47;6.54
1717;2975;76;8.82
1718;1033;45;3.23
1719;464;52;3.47
1720;2923;88;9.32
1721;2658;100;4.08
1722;1358;96;0.39
1723;1979;12;9.45
1724;2989;34;0.07
1725;2201;95;5.02
1726;2233;24;9.21
1727;1377;61;3.07
1728;2779;97;5.22
1729;3061;55;1.88
1730;2600;40;3.88
1731;2838;57;6.01
1732;2208;3;4.09
1733;1509;17;5.97
1734;3053;47;1.59
1735;2684;20;1.38
1736;1659;31;2.35
1737;1928;34;5.45
1738;2463;91;5.27
1739;2777;99;9.04
1740;886;87;5.33
1741;1976;87;0.35
1742;1426;59;6.9
1743;746;27;4.16
1744;1447;2;9.55
1745;66;7;4.32
1746;1131;86;6.83
1747;109;47;0.69
1748;771;53;5.82
1749;2911;49;7.69
1750;263;36;6.85
1751;3049;13;0.35
1752;461;41;2.01
1753;1410;50;5.21
1754;1328;95;1.09
1755;347;30;9.03
1756;536;26;6.11
1757;157;50;6.65
1758;2335;27;8.87
1759;1301;89;3.47
1760;270;82;0.65
1761;1409;61;4.36
1762;3017;23;1.38
1763;371;20;7.38
1764;291;91;7.26
1765;1303;60;3.27
1766;1220;5;1.1
1767;2058;21;8.68
1768;2788;78;2.74
1769;2646;4;9.79
1770;2075;11;9.12
1771;599;72;2.89
1772;2553;4;2.39
1773;1181;26;7.32
1774;1672;68;0.16
1775;519;55;6.94
1776;1350;3;5.52
1777;283;88;4.3
1778;2969;49;2.57
1779;201;26;5.33
1780;2429;89;2.43
1781;382;50;8.93
1782;3038;81;8.11
1783;1085;26;8.09
1784;2767;26;8.74
1785;3120;71;5.75
1786;2893;18;1.6
1787;2639;56;3.35
1788;1898;84;5.14
1789;1772;31;1.62
1790;2712;2;8.02
1791;562;6;0.43
1792;127;85;1.06
1793;688;70;3.52
1794;2424;96;4.92
1795;658;2;4.78
1796;1809;5;5.4
1797;240;75;6.32
1798;1939;15;5.27
1799;3046;62;6.1
1800;2247;38;3.0
1801;1181;32;3.41
1802;1501;81;0.39
1803;1670;80;4.72
1804;1788;87;6.06
1805;1020;16;2.13
1806;252;32;7.2
1807;46;13;6.8
1808;372;78;1.63
1809;1297;95;8.93
1810;2924;30;0.19
1811;2809;57;5.18
1812;2669;45;7.14
1813;1944;31;8.31
1814;1982;51;1.65
1815;1376;78;1.01
1816;289;93;7.6
1817;256;16;8.57
1818;1204;7;8.95
1819;263;77;6.24
1820;1929;72;9.3
1821;2804;64;7.96
1822;2470;18;8.89
1823;775;97;2.08
1824;116;2;4.63
1825;184;65;0.65
1826;2017;16;3.98
1827;2058;7;1.11
1828;2495;99;2.54
1829;2743;97;4.24
1830;1658;34;6.45
1831;2183;94;0.75
1832;287;65;3.7
1833;1897;5;8.69
1834;1455;82;9.07
1835;2880;63;0.98
1836;388;57;0.4
1837;1817;13;5.22
1838;584;57;5.52
1839;1506;32;9.34
1840;2457;4;3.79
1841;2426;48;2.81
1842;1727;74;7.86
1843;1123;91;7.23
1844;2906;77;2.42
1845;1005;53;8.39
1846;1485;32;7.36
1847;2545;39;3.44
1848;1836;81;7.96
1849;844;18;5.91
1850;1261;63;7.62
1851;2310;17;5.6
1852;2271;98;7.81
1853;772;34;8.31
1854;3021;22;4.61
1855;1356;54;9.22
1856;472;36;6.13
1857;2191;64;4.23
1858;1146;26;9.12
1859;278;53;7.47
1860;461;55;2.97
1861;1124;75;0.09
1862;2398;94;9.55
1863;2591;37;0.34
1864;185;47;3.08
1865;2176;75;5.04
1866;212;43;5.66
1867;2000;52;2.57
1868;535;50;9.53
1869;3056;8;2.71
1870;322;7;4.74
1871;619;77;2.81
1872;1422;72;2.25
1873;536;40;9.18
1874;669;67;9.61
1875;1921;9;6.64
1876;2835;30;4.12
1877;3047;7;8.38
1878;229;87;6.27
1879;665;10;2.96
1880;1478;23;8.38
1881;246;82;6.25
1882;415;41;8.6
1883;2519;86;5.55
1884;494;81;8.2
1885;31;50;6.57
1886;1057;25;4.0
1887;555;36;9.59
1888;72;5;7.67
1889;2236;3;8.77
1890;3002;51;1.12
1891;2840;39;5.21
1892;1778;98;1.77
1893;2520;8;7.4
1894;2720;41;2.51
1895;1581;96;2.72
1896;99;38;7.83
1897;2860;13;5.58
1898;2382;2;0.7
1899;1880;82;9.35
1900;995;44;6.96
1901;2307;37;8.69
1902;627;18;9.96
1903;1064;52;7.26
1904;1952;99;9.71
1905;246;49;5.48
1906;1496;15;3.21
1907;2817;34;2.51
1908;1235;77;2.5
1909;2652;83;2.58
1910;657;30;8.05
1911;196;61;3.3
1912;188;91;4.91
1913;1343;31;0.42
1914;2012;44;8.8
1915;622;55;7.93
1916;1121;31;7.01
1917;489;59;6.59
1918;615;6;0.15
1919;544;55;1.18
1920;1585;47;8.66
1921;74;52;1.17
1922;158;72;4.8
1923;1927;87;9.39
1924;1430;96;8.18
1925;2902;31;2.62
1926;3081;97;7.64
1927;42;15;5.66
1928;847;10;8.59
1929;1060;73;7.45
1930;1851;13;2.88
1931;1789;46;4.06
1932;134;75;5.73
1933;169;30;9.1
1934;657;28;2.26
1935;2192;14;4.99
1936;1964;15;0.25
1937;1379;4;2.35
1938;1403;36;7.33
1939;1489;54;8.9
1940;1893;75;4.75
1941;383;73;8.55
1942;1490;88;6.31
1943;1567;86;3.04
1944;2958;79;4.49
1945;1373;13;5.45
1946;2939;35;1.87
1947;2416;5;2.67
1948;1469;93;7.13
1949;122;6;0.82
1950;275;93;4.31
1951;1445;28;3.22
1952;3063;73;6.45
1953;2454;84;8.0
1954;3104;4;1.09
1955;2819;46;7.19
1956;2122;67;3.43
1957;1105;53;9.8
1958;1580;44;9.59
1959;1368;67;7.04
1960;279;61;0.57
1961;469;90;2.16
1962;2396;22;8.71
1963;230;59;7.67
1964;3082;47;2.76
1965;2859;100;2.55
1966;1587;12;2.21
1967;977;50;9.46
1968;2529;66;2.84
1969;601;11;0.86
1970;235;56;7.02
1971;2382;20;8.39
1972;1651;39;0.41
1973;2361;86;8.88
1974;953;53;0.97
1975;2178;39;7.54
1976;1688;1;7.97
1977;1286;72;6.25
1978;1460;77;5.36
1979;2654;48;0.21
1980;917;20;2.14
1981;1907;97;7.0
1982;1789;72;1.41
1983;3103;38;7.25
1984;1311;71;3.79
1985;423;29;0.94
1986;377;3;0.78
1987;3060;33;1.94
1988;2706;34;4.79
1989;1352;43;4.89
1990;2275;70;2.45
1991;354;75;1.26
1992;2752;77;4.91
1993;1983;30;1.5
1994;2102;72;6.46
1995;2230;77;5.09
1996;723;37;6.93
1997;595;46;6.31
1998;1074;99;2.1
1999;492;24;4.12
2000;1200;61;9.88
2001;266;77;2.11
2002;641;74;3.58
2003;2532;72;4.14
2004;2939;61;8.47
2005;1448;65;9.86
2006;2013;37;1.51
2007;975;94;3.92
2008;832;10;7.47
2009;749;86;7.17
2010;1695;50;9.27
2011;393;72;6.96
2012;348;67;9.16
2013;736;32;0.55
2014;2519;15;6.3
2015;2317;73;4.31
2016;2904;38;3.06
2017;2845;12;8.02
2018;2094;40;2.03
2019;783;69;8.77
2020;2717;35;3.44
2021;438;30;2.43
2022;2080;52;1.55
2023;2036;65;8.87
2024;351;17;3.53
2025;763;48;5.27
2026;670;1;7.23
2027;2210;75;3.32
2028;102;4;4.75
2029;2051;41;7.61
2030;2955;4;2.27
2031;2890;63;5.82
2032;2778;7;3.1
2033;1986;99;8.45
2034;2035;32;0.02
2035;1780;71;9.74
2036;988;4;6.95
2037;137;64;7.19
2038;801;42;5.17
2039;850;65;3.85
2040;1585;77;3.8
2041;1781;91;1.31
2042;2100;3;4.05
2043;2943;5;2.91
2044;1718;96;1.21
2045;2945;60;7.69
2046;2464;85;1.41
2047;1497;13;5.01
2048;2767;14;7.65
2049;1847;77;0.72
2050;136;18;8.2
2051;1594;63;4.76
2052;2120;28;3.81
2053;1504;34;8.47
2054;2319;33;7.46
2055;1861;69;9.27
2056;1227;44;8.85
2057;204;63;9.1
2058;1436;33;4.08
2059;1731;78;8.29
2060;2515;77;1.03
2061;1386;70;3.94
2062;300;1;6.03
2063;1761;79;0.71
2064;367;91;2.67
2065;2593;95;9.51
2066;1098;23;0.95
2067;2948;82;1.56
2068;1968;4;5.59
2069;1251;99;0.18
2070;1207;56;8.48
2071;1803;88;0.18
2072;3040;59;2.48
2073;145;22;2.9
2074;1009;56;8.31
2075;2775;5;3.78
2076;1445;58;1.46
2077;2024;33;2.58
2078;2569;68;0.25
2079;1537;10;9.92
2080;937;92;3.73
2081;2202;33;5.4
2082;2204;73;1.47
2083;224;36;5.24
2084;1469;33;0.07
2085;365;10;5.23
2086;498;90;8.31
2087;281;61;6.98
2088;2188;96;1.97
2089;860;10;4.03
2090;2573;13;8.29
2091;911;9;6.88
2092;2771;59;4.53
2093;56;83;1.01
2094;1869;83;8.07
2095;2554;44;0.37
2096;2505;22;1.43
2097;2857;30;4.87
2098;29;53;3.84
2099;425;5;5.98
2100;2272;93;5.72
2101;863;5;0.1
2102;41;31;6.27
2103;1935;73;7.6
2104;1566;55;8.77
2105;1704;90;4.81
2106;2216;26;4.98
2107;1485;11;0.12
2108;1306;44;0.81
2109;2736;41;2.09
2110;2184;43;6.29
2111;107;19;0.42
2112;186;35;7.26
2113;166;79;3.8
2114;2950;91;7.7
2115;680;66;9.37
2116;2731;91;8.22
2117;73;19;1.74
2118;201;23;0.41
2119;2632;10;1.19
2120;1493;34;6.46
2121;422;9;4.83
2122;1740;65;0.3
2123;1318;58;1.08
2124;2813;86;2.34
2125;1255;14;5.89
2126;1068;95;4.41
2127;1645;87;1.5
2128;1528;61;7.17
2129;1461;98;8.76
2130;2682;61;8.49
2131;207;50;0.92
2132;1730;90;9.93
2133;1534;16;9.53
2134;3084;73;6.74
2135;2758;22;3.43
2136;994;96;1.36
2137;2007;84;1.05
2138;1649;32;3.74
2139;1702;71;1.68
2140;1521;61;3.71
2141;1899;60;7.29
2142;348;34;1.47
2143;1210;16;2.61
2144;809;100;0.02
2145;84;44;1.21
2146;2213;75;4.4
2147;1903;70;9.97
2148;222;67;0.83
2149;2557;89;9.01
2150;2414;9;7.35
2151;2827;26;3.22
2152;118;92;4.43
2153;2037;74;2.12
2154;2789;92;6.4
2155;111;56;5.15
2156;347;93;2.33
2157;812;6;9.49
2158;2228;42;7.7
2159;311;51;0.24
2160;1478;41;6.84
2161;1363;73;6.13
2162;2676;28;7.79
2163;1365;67;9.39
2164;1950;10;1.16
2165;671;10;3.01
2166;816;56;9.67
2167;1070;63;5.26
2168;396;51;3.7
2169;884;89;6.07
2170;1421;70;6.6
2171;1341;10;6.92
2172;1991;50;2.44
2173;2071;11;8.16
2174;2418;16;2.27
2175;1017;2;0.17
2176;228;72;7.25
2177;873;10;5.06
2178;2012;20;2.56
2179;2812;42;1.99
2180;1622;65;7.99
2181;761;75;4.21
2182;2095;2;2.58
2183;3073;44;4.9
2184;1937;12;8.85
2185;1086;49;5.66
2186;2081;90;4.51
2187;1764;20;7.6
2188;2132;74;6.03
2189;1550;54;5.49
2190;1873;45;5.17
2191;809;39;6.64
2192;2615;48;5.81
2193;1574;76;3.64
2194;2869;50;8.63
2195;1696;13;9.77
2196;2812;26;6.12
2197;1293;19;0.53
2198;3001;2;3.98
2199;1326;56;9.45
2200;2042;44;2.7
2201;1529;7;1.91
2202;1448;65;3.45
2203;1513;16;4.08
2204;2147;41;5.6
2205;193;42;6.9
2206;2277;32;3.96
2207;1769;90;6.25
2208;2022;88;4.45
2209;2165;66;4.9
2210;506;35;8.33
2211;451;88;2.09
2212;2218;55;2.43
2213;2473;70;9.94
2214;835;65;8.86
2215;162;50;1.46
2216;3066;10;2.75
2217;292;12;9.25
2218;1595;84;0.21
2219;1074;22;7.81
2220;756;60;7.15
2221;936;97;3.69
2222;19;68;0.22
2223;2111;21;7.24
2224;1072;90;1.16
2225;1491;25;8.2
2226;1531;72;0.27
2227;2671;24;0.58
2228;2379;34;2.07
2229;1331;88;8.02
2230;1319;83;6.2
2231;772;10;1.32
2232;2316;99;2.09
2233;273;66;8.32
2234;1053;10;6.0
2235;2836;94;8.03
2236;2914;77;6.54
2237;1521;77;1.53
2238;2736;3;0.5
2239;2098;12;0.58
2240;3079;1;1.4
2241;1561;79;1.48
2242;518;83;4.09
2243;1015;11;5.51
2244;359;18;1.49
2245;2158;22;6.69
2246;2025;60;6.19
2247;2642;95;4.83
2248;2474;63;2.66
2249;167;10;1.85
2250;2486;27;1.85
2251;181;97;6.43
2252;3026;10;9.71
2253;2601;14;6.82
2254;1903;66;6.36
2255;1420;67;3.83
2256;2669;91;0.57
2257;506;80;7.66
2258;2127;100;7.61
2259;1864;17;8.96
2260;903;30;6.98
2261;1296;10;4.17
2262;2185;70;8.97
2263;2081;100;0.18
2264;1123;24;1.58
2265;2112;82;4.61
2266;46;50;3.44
2267;1590;58;8.79
2268;1143;42;1.36
2269;1403;52;4.39
2270;2498;87;2.91
2271;520;95;3.44
2272;665;50;9.12
2273;2807;35;0.59
2274;1733;32;2.2
2275;535;17;9.07
2276;956;34;7.42
2277;2027;69;6.13
2278;438;92;6.14
2279;2384;83;8.93
2280;734;82;9.19
2281;3119;66;8.6
2282;2485;19;6.78
2283;1681;11;2.97
2284;2152;26;9.36
2285;2765;23;6.62
2286;3036;7;3.93
2287;2562;5;5.6
2288;974;77;9.66
2289;1366;32;4.9
2290;2070;34;2.2
2291;2215;58;2.9
2292;1896;36;3.36
2293;2806;90;2.19
2294;2751;37;7.29
2295;1969;9;9.25
2296;264;7;6.11
2297;1264;17;7.81
2298;3055;19;6.39
2299;2157;58;2.93
2300;2596;30;6.62
2301;2702;68;0.57
2302;407;37;1.64
2303;1929;8;0.79
2304;1728;91;6.16
2305;2779;13;0.08
2306;2387;73;5.65
2307;1796;32;4.92
2308;2475;30;0.33
2309;609;29;3.13
2310;963;90;8.63
2311;1188;42;0.96
2312;1073;96;9.48
2313;1866;13;5.08
2314;2051;99;4.99
2315;1366;97;3.07
2316;865;11;4.78
2317;1620;100;4.36
2318;1794;46;1.16
2319;668;89;6.99
2320;1391;66;1.35
2321;103;52;3.75
2322;291;29;5.8
2323;1517;47;9.4
2324;2333;17;2.64
2325;46;73;3.53
2326;101;91;8.98
2327;136;89;3.73
2328;447;84;6.18
2329;2139;79;5.75
2330;2101;16;3.83
2331;298;21;7.46
2332;1616;83;3.04
2333;717;76;6.84
2334;795;78;4.01
2335;1839;54;5.05
2336;1347;84;2.14
2337;1633;73;5.56
2338;1183;46;5.82
2339;742;35;1.94
2340;23;68;8.09
2341;2541;31;4.47
2342;403;79;2.88
2343;1882;99;3.48
2344;293;31;4.78
2345;568;41;0.86
2346;1483;10;2.71
2347;2898;26;2.06
2348;1888;66;6.94
2349;2979;7;8.02
2350;1252;23;9.74
2351;2606;83;2.11
2352;2850;1;2.47
2353;1159;16;6.84
2354;922;13;6.36
2355;1583;98;8.0
2356;3007;17;9.12
2357;1669;94;8.88
2358;1288;31;8.25
2359;2643;5;4.18
2360;1756;61;0.89
2361;2011;50;2.48
2362;1413;76;0.24
2363;1015;52;8.23
2364;1905;35;7.58
2365;1141;65;0.06
2366;1884;34;0.29
2367;1140;38;0.36
2368;1668;42;5.87
2369;1620;64;8.62
2370;3057;15;6.14
2371;2610;46;2.0
2372;2792;79;2.35
2373;2331;37;3.21
2374;306;23;5.88
2375;1136;32;8.14
2376;2978;97;1.83
2377;1001;66;1.0
2378;757;49;5.56
2379;2103;57;8.47
2380;840;29;7.48
2381;18;16;7.15
2382;1565;76;8.48
2383;48;32;5.55
2384;706;78;4.44
2385;1796;45;9.55
2386;522;38;0.74
2387;629;98;5.21
2388;2491;22;3.2
2389;320;54;6.01
2390;1738;92;6.56
2391;2200;44;8.81
2392;2606;31;5.18
2393;908;2;4.35
2394;2352;59;8.68
2395;2288;14;7.11
2396;2282;3;1.75
2397;627;84;6.13
2398;2098;42;4.15
2399;2928;53;0.67
2400;2809;42;6.89
2401;1076;72;2.21
2402;1948;8;6.55
2403;1667;91;8.28
2404;317;25;7.64
2405;2004;64;0.24
2406;3028;51;6.0
2407;2372;76;3.98
2408;1581;5;3.89
2409;48;63;9.62
2410;2229;15;9.18
2411;13;33;7.64
2412;390;63;9.99
2413;672;83;8.65
2414;1393;57;1.88
2415;1581;31;1.08
2416;2867;76;4.33
2417;716;21;4.07
2418;2609;62;8.04
2419;2240;78;8.74
2420;889;48;7.89
2421;1062;18;6.03
2422;1833;18;8.29
2423;2939;72;0.22
2424;1550;94;2.98
2425;1818;77;6.2
2426;1547;12;6.38
2427;1640;11;0.25
2428;1270;58;2.74
2429;658;56;2.07
2430;225;63;9.57
2431;2349;81;9.25
2432;1532;49;0.14
2433;1227;55;7.33
2434;1332;20;3.37
2435;2210;28;5.95
2436;2976;32;4.88
2437;1217;81;3.17
2438;1211;67;2.07
2439;2607;53;4.02
2440;2214;26;7.34
2441;1856;91;2.41
2442;2111;40;7.16
2443;343;82;2.8
2444;2389;68;5.31
2445;2510;65;1.23
2446;671;54;2.91
2447;1822;65;2.27
2448;709;66;1.5
2449;1977;73;0.29
2450;1540;62;8.37
2451;623;78;7.85
2452;2085;7;3.39
2453;2902;34;7.79
2454;2995;72;2.94
2455;2795;1;5.34
2456;2320;27;4.91
2457;1916;77;7.32
2458;2507;9;2.82
2459;2760;51;2.94
2460;1016;81;2.37
2461;2052;92;5.45
2462;2779;100;8.21
2463;2468;54;9.75
2464;2197;66;5.75
2465;958;94;2.03
2466;1159;12;9.34
2467;1460;45;3.93
2468;12;27;7.25
2469;2443;94;6.07
2470;1677;74;9.25
2471;2163;13;6.28
2472;2251;9;4.55
2473;2815;14;5.54
2474;564;39;5.33
2475;1778;69;5.87
2476;2683;21;6.85
2477;1182;19;4.06
2478;1047;60;2.72
2479;2431;34;6.76
2480;1025;62;0.81
2481;3056;60;5.32
2482;886;63;5.09
2483;1211;78;4.45
2484;2969;7;2.77
2485;1168;73;6.47
2486;130;93;9.86
2487;1702;13;7.58
2488;3033;4;6.36
2489;1225;98;6.63
2490;2929;71;4.87
2491;1861;13;4.78
2492;1467;55;5.84
2493;1143;95;9.01
2494;2648;40;7.79
2495;2644;92;9.16
2496;958;4;8.04
2497;194;79;2.33
2498;952;1;8.25
2499;133;2;7.05
2500;1651;29;3.64
2501;2381;24;2.33
2502;136;22;8.37
2503;1366;53;9.2
2504;442;97;2.12
2505;2060;44;3.64
2506;1218;8;4.19
2507;3008;27;5.66
2508;2642;85;6.24
2509;703;35;5.25
2510;881;2;5.97
2511;745;25;4.69
2512;620;6;9.25
2513;1106;41;3.66
2514;2357;8;3.02
2515;546;63;9.2
2516;2021;95;5.16
2517;2106;100;9.04
2518;362;31;4.46
2519;1146;23;3.8
2520;1198;51;2.17
2521;2345;28;3.24
2522;2789;13;8.55
2523;876;55;5.05
2524;1720;15;9.87
2525;532;98;6.05
2526;627;31;3.26
2527;2581;75;4.64
2528;2385;68;2.05
2529;578;31;1.23
2530;847;71;8.61
2531;790;28;1.93
2532;1497;51;9.49
2533;463;55;9.48
2534;247;11;9.26
2535;2574;18;9.11
2536;2784;3;2.53
2537;1966;50;3.97
2538;2339;76;4.43
2539;1948;42;5.14
2540;2160;14;9.69
2541;45;11;9.38
2542;2469;55;2.38
2543;2490;40;0.51
2544;143;90;2.36
2545;2004;54;1.93
2546;722;45;5.97
2547;1385;73;3.53
2548;2639;59;7.43
2549;1492;95;3.01
2550;2790;7;7.16
2551;2168;68;6.46
2552;718;88;1.51
2553;489;54;6.92
2554;2093;99;1.44
2555;1822;15;2.51
2556;2141;21;4.96
2557;3067;97;2.02
2558;2151;38;4.4
2559;2435;68;4.63
2560;1698;50;1.24
2561;2461;7;8.77
2562;1812;15;2.47
2563;43;48;1.94
2564;1423;91;0.54
2565;1600;51;4.01
2566;1978;16;7.47
2567;1023;42;0.59
2568;2675;69;9.04
2569;2279;50;0.14
2570;468;65;7.07
2571;604;6;0.66
2572;2192;19;2.52
2573;288;14;1.6
2574;2804;47;4.98
2575;2530;34;6.73
2576;1328;96;3.63
2577;1245;83;5.49
2578;1507;44;2.21
2579;2216;82;2.55
2580;2839;76;2.21
2581;329;65;6.68
2582;2093;57;4.77
2583;1282;73;5.88
2584;2929;54;5.53
2585;1020;73;9.8
2586;2795;92;3.26
2587;1309;31;0.44
2588;518;37;1.29
2589;902;83;3.59
2590;745;19;8.73
2591;1408;98;6.45
2592;401;27;0.85
2593;2620;66;3.2
2594;967;66;9.29
2595;2381;4;3.05
2596;973;32;6.95
2597;1057;100;2.96
2598;2469;32;8.12
2599;2904;60;1.67
2600;1208;16;0.83
2601;2637;62;5.36
2602;2005;58;5.26
2603;597;59;4.68
2604;2334;33;9.97
2605;2874;55;1.18
2606;588;87;5.21
2607;2595;36;0.61
2608;622;96;6.23
2609;3098;67;3.5
2610;569;46;5.12
2611;310;44;0.54
2612;2717;51;3.68
2613;2990;84;4.76
2614;2313;98;2.25
2615;512;75;8.52
2616;2040;71;7.81
2617;160;56;1.81
2618;2884;38;8.51
2619;744;78;9.97
2620;1340;42;1.02
2621;85;66;7.49
2622;753;66;8.13
2623;687;36;1.18
2624;3032;23;3.26
2625;2507;93;2.57
2626;413;4;3.23
2627;3038;63;1.6
2628;1666;83;5.22
2629;1907;48;1.72
2630;542;60;3.3
2631;1231;76;0.21
2632;1065;58;6.09
2633;2275;44;6.68
2634;2243;28;6.01
2635;67;3;9.47
2636;1810;17;7.92
2637;184;98;5.34
2638;2952;54;0.32
2639;2592;30;9.31
2640;2388;60;5.67
2641;799;56;5.05
2642;2613;49;5.8
2643;1391;22;7.41
2644;2797;43;8.61
2645;2425;80;5.19
2646;2887;70;9.1
2647;661;32;3.57
2648;1318;90;6.58
2649;425;88;8.33
2650;1778;75;5.73
2651;2148;19;7.6
2652;2077;2;0.17
2653;3063;13;9.15
2654;1301;72;9.5
2655;2659;100;2.16
2656;427;14;5.01
2657;3101;39;6.05
2658;1085;84;3.38
2659;986;62;7.84
2660;52;46;6.05
2661;1406;65;6.01
2662;2988;91;8.28
2663;2476;12;3.36
2664;2661;11;2.53
2665;1719;85;7.7
2666;2854;28;3.36
2667;1384;91;3.72
2668;560;79;8.47
2669;1373;71;1.59
2670;2094;27;2.31
2671;2827;16;1.23
2672;1714;59;8.08
2673;2534;49;1.54
2674;960;8;7.09
2675;344;90;2.01
2676;763;72;6.18
2677;3117;100;8.75
2678;892;89;9.59
2679;107;17;7.33
2680;1000;29;7.58
2681;84;1;1.95
2682;10;28;1.8
2683;1114;63;8.86
2684;2777;59;7.84
2685;2950;56;1.45
2686;1653;40;5.2
2687;1993;20;2.81
2688;415;17;8.1
2689;2642;18;0.46
2690;2492;38;5.19
2691;764;75;9.94
2692;2275;8;9.42
2693;534;3;6.82
2694;1297;42;6.08
2695;2039;76;6.39
2696;2339;2;1.32
2697;2550;99;2.8
2698;1251;20;6.32
2699;36;81;3.68
2700;923;95;1.84
2701;2215;24;8.34
2702;1777;14;0.77
2703;1230;39;0.72
2704;1876;63;5.49
2705;316;52;9.54
2706;1603;52;9.64
2707;1237;13;0.85
2708;2919;44;1.6
2709;541;26;1.49
2710;914;17;8.27
2711;1000;29;7.89
2712;1198;43;1.57
2713;131;22;7.35
2714;571;81;2.27
2715;3119;7;7.61
2716;2854;50;7.82
2717;2899;72;1.52
2718;2059;87;6.41
2719;1069;81;1.62
2720;1262;6;9.65
2721;619;43;4.22
2722;1791;3;2.86
2723;236;46;0.62
2724;1631;59;5.96
2725;423;89;7.93
2726;2626;30;3.76
2727;844;54;4.35
2728;2701;21;9.39
2729;2059;87;4.1
2730;1609;6;2.89
2731;1860;46;6.02
2732;1047;8;7.11
2733;1204;57;0.18
2734;1502;36;8.87
2735;107;81;0.77
2736;622;93;8.95
2737;2159;61;5.14
2738;593;84;4.62
2739;227;19;6.58
2740;1845;46;6.04
2741;1444;79;9.23
2742;1987;25;4.88
2743;460;21;0.72
2744;2855;38;4.32
2745;2662;33;4.3
2746;388;43;6.71
2747;2234;39;1.97
2748;2935;77;8.17
2749;2846;92;2.2
2750;301;66;1.11
2751;2608;74;8.06
2752;2837;6;6.72
2753;2936;19;2.35
2754;3102;23;5.19
2755;567;72;7.69
2756;2416;40;2.53
2757;1400;63;8.69
2758;2900;96;4.73
2759;128;91;8.06
2760;757;77;4.54
2761;710;92;9.43
2762;1441;47;6.83
2763;3041;29;8.15
2764;817;29;1.71
2765;1804;98;0.36
2766;1718;74;1.25
2767;1951;55;2.37
2768;1172;44;0.43
2769;2205;96;8.46
2770;2473;10;0.73
2771;1036;100;3.78
2772;2943;8;0.19
2773;2610;96;9.8
2774;1084;69;1.94
2775;1616;24;6.19
2776;1098;99;9.95
2777;97;83;3.17
2778;982;58;4.48
2779;1782;43;6.38
2780;859;66;7.89
2781;1378;27;8.11
2782;1834;9;5.45
2783;59;93;5.69
2784;333;30;6.67
2785;2087;30;8.94
2786;892;60;6.59
2787;1993;9;7.78
2788;998;100;3.31
2789;509;74;7.25
2790;2024;63;8.77
2791;183;22;2.0
2792;258;24;1.27
2793;2881;83;8.27
2794;594;28;8.75
2795;104;85;9.41
2796;861;80;1.59
2797;2321;16;0.63
2798;1458;67;4.1
2799;2516;5;6.41
2800;1251;48;1.37
2801;2269;78;8.5
2802;1612;54;1.06
2803;2229;32;8.84
2804;1490;70;5.79
2805;813;7;2.56
2806;440;38;3.54
2807;2216;63;3.38
2808;2820;14;6.81
2809;1801;19;1.72
2810;1615;92;3.76
2811;582;94;9.51
2812;2543;4;5.47
2813;459;10;5.31
2814;120;90;0.24
2815;2519;77;5.55
2816;2670;48;1.5
2817;1429;82;4.3
2818;2502;58;7.39
2819;1097;70;7.56
2820;2691;94;5.7
2821;2786;24;3.54
2822;2054;70;1.72
2823;1473;33;9.94
2824;845;21;3.92
2825;201;47;2.0
2826;2062;67;1.99
2827;1702;4;5.79
2828;2378;80;2.03
2829;527;2;6.08
2830;1878;19;7.36
2831;1872;46;4.8
2832;2566;85;7.17
2833;1023;24;7.87
2834;1695;83;1.53
2835;1925;97;0.81
2836;694;55;8.57
2837;2133;89;2.37
2838;628;15;1.01
2839;2461;13;3.51
2840;2949;33;3.47
2841;1116;93;1.66
2842;1594;15;0.21
2843;970;72;2.75
2844;1027;22;9.26
2845;1858;20;9.16
2846;897;51;5.91
2847;1943;80;8.31
2848;2610;49;0.35
2849;557;41;7.67
2850;1698;28;3.71
2851;1629;15;8.53
2852;1332;76;1.11
2853;2108;28;9.18
2854;463;83;1.19
2855;2819;38;2.61
2856;1468;86;8.34
2857;1496;9;6.43
2858;1985;60;2.88
2859;2292;94;2.3
2860;653;54;3.09
2861;121;44;0.22
2862;263;51;7.56
2863;2496;22;7.79
2864;2090;83;2.38
2865;1082;3;3.29
2866;509;44;8.73
2867;70;26;1.9
2868;2427;80;8.13
2869;2443;41;0.71
2870;1673;15;3.62
2871;2218;19;0.87
2872;2249;56;2.55
2873;2827;73;7.89
2874;1278;14;6.52
2875;2935;44;0.92
2876;2147;78;8.4
2877;364;32;9.77
2878;1378;73;6.9
2879;170;33;6.37
2880;1404;31;7.17
2881;1906;35;7.12
2882;2916;34;1.66
2883;412;72;0.64
2884;982;25;7.18
2885;1540;9;6.97
2886;1915;97;9.22
2887;395;92;5.03
2888;2819;63;2.77
2889;2838;17;3.4
2890;907;6;8.14
2891;755;62;1.29
2892;234;100;7.97
2893;1301;38;0.42
2894;2626;66;7.81
2895;401;83;6.4
2896;384;30;5.01
2897;747;83;6.22
2898;2332;29;6.64
2899;127;11;5.66
2900;2787;99;3.13
2901;59;8;3.08
2902;822;62;9.26
2903;1879;62;0.68
2904;1697;71;0.97
2905;1671;88;8.22
2906;1982;45;5.07
2907;1357;4;2.5
2908;2131;97;0.47
2909;145;100;2.46
2910;1979;22;6.81
2911;872;91;4.74
2912;2477;16;3.83
2913;2519;20;8.09
2914;815;58;5.33
2915;2368;27;6.25
2916;1609;79;9.32
2917;1641;22;3.12
2918;2367;82;3.71
2919;113;51;3.83
2920;2333;31;8.25
2921;337;39;5.44
2922;1899;79;8.62
2923;3088;12;0.56
2924;814;59;2.55
2925;2500;49;0.77
2926;1442;60;0.15
2927;1730;69;3.18
2928;2467;20;6.24
2929;2308;22;2.73
2930;2177;27;6.75
2931;2408;31;0.07
2932;1270;7;4.7
2933;2050;39;6.16
2934;2671;96;4.54
2935;2641;49;6.75
2936;489;23;7.81
2937;2702;8;5.28
2938;2907;89;2.3
2939;450;73;8.73
2940;59;2;9.55
2941;1784;94;1.57
2942;2977;100;7.29
2943;902;73;4.58
2944;554;17;2.29
2945;2803;3;9.47
2946;664;15;1.68
2947;1586;19;0.79
2948;1267;85;1.98
2949;2065;46;2.52
2950;2287;51;3.75
2951;465;58;2.03
2952;1201;50;2.97
2953;1542;75;6.86
2954;1752;30;3.75
2955;81;59;5.99
2956;2054;45;0.13
2957;978;11;7.97
2958;880;48;9.58
2959;124;91;0.73
2960;1129;68;6.56
2961;942;60;2.46
2962;2314;15;2.4
2963;2963;34;5.52
2964;1168;84;5.45
2965;462;80;6.21
2966;2381;3;8.13
2967;1547;73;2.72
2968;593;47;2.44
2969;893;89;9.22
2970;609;91;1.68
2971;872;78;5.74
2972;1256;77;5.97
2973;2208;66;2.32
2974;2903;69;0.41
2975;748;31;6.5
2976;2740;10;7.92
2977;46;30;6.46
2978;1549;8;7.38
2979;1075;25;8.42
2980;3039;100;3.48
2981;1994;76;8.48
2982;3003;32;9.05
2983;2302;12;1.5
2984;2067;24;0.17
2985;2530;65;2.15
2986;1690;37;5.01
2987;1557;97;0.22
2988;2767;56;7.09
2989;936;91;4.97
2990;367;98;3.37
2991;2289;5;6.12
2992;2872;100;8.76
2993;2491;9;8.07
2994;883;69;7.37
2995;1827;65;8.72
2996;821;46;1.21
2997;2525;44;0.6
2998;1509;75;8.84
2999;1451;45;5.99
3000;1810;8;8.4
3001;2812;56;0.95
3002;2182;99;6.69
3003;2511;21;7.13
3004;1731;54;9.34
3005;1692;61;4.19
3006;1705;51;9.78
3007;2348;26;9.57
3008;1499;98;3.86
3009;678;94;9.05
3010;784;36;2.69
3011;1814;97;4.35
3012;2678;80;1.66
3013;2998;61;0.48
3014;2576;12;8.66
3015;1433;11;6.31
3016;2191;52;3.13
3017;2859;30;1.54
3018;1753;30;3.17
3019;3058;36;6.35
3020;255;32;7.94
3021;264;50;0.18
3022;2758;84;8.89
3023;322;27;1.21
3024;1815;14;5.74
3025;927;45;9.0
3026;1822;30;3.99
3027;8;93;1.38
3028;2261;89;3.42
3029;1636;27;9.77
3030;843;38;9.71
3031;722;22;8.96
3032;2347;74;6.64
3033;2302;86;3.48
3034;409;8;1.82
3035;569;8;7.57
3036;1458;36;2.64
3037;2386;29;2.19
3038;1598;28;3.45
3039;2561;48;4.14
3040;793;90;9.25
3041;3082;92;7.8
3042;905;29;9.57
3043;37;17;7.02
3044;1375;35;2.92
3045;1339;2;8.11
3046;1298;11;4.33
3047;2696;68;4.52
3048;2518;7;0.52
3049;3057;79;2.92
3050;2513;87;8.71
3051;1373;37;8.67
3052;2088;94;9.39
3053;1064;35;7.88
3054;2357;46;3.31
3055;1646;98;1.33
3056;1528;34;7.4
3057;1256;44;0.42
3058;1682;24;9.03
3059;2701;17;0.19
3060;1168;14;4.18
3061;2925;3;0.73
3062;2561;68;8.66
3063;1999;83;7.28
3064;2306;1;0.38
3065;2017;34;9.09
3066;3037;42;3.39
3067;83;33;4.8
3068;1688;6;3.21
3069;1645;3;0.52
3070;2206;28;6.05
3071;860;79;1.32
3072;2239;32;8.23
3073;1005;72;7.87
3074;623;99;9.73
3075;2301;10;6.47
3076;1506;9;1.82
3077;495;46;5.2
3078;799;49;0.07
3079;1318;38;1.82
3080;1083;13;6.09
3081;669;29;9.26
3082;1651;72;7.11
3083;963;48;0.14
3084;2735;34;4.33
3085;2297;91;4.92
3086;1433;54;5.21
3087;470;55;3.02
3088;1400;46;2.39
3089;2401;78;6.92
3090;722;83;7.94
3091;2449;77;7.13
3092;56;21;2.7
3093;2700;54;8.58
3094;2466;94;3.81
3095;1793;39;5.2
3096;222;70;1.51
3097;2850;49;5.97
3098;2123;58;8.5
3099;643;29;3.01
3100;2283;100;4.02
3101;303;95;5.71
3102;643;65;4.09
3103;2276;64;7.94
3104;1610;79;0.23
3105;483;26;9.18
3106;2171;69;8.6
3107;3112;86;2.16
3108;2772;34;7.89
3109;550;92;7.16
3110;1931;91;7.9
3111;1585;85;8.25
3112;405;16;6.33
3113;1402;69;3.99
3114;778;76;0.55
3115;1349;37;2.77
3116;1553;90;7.84
3117;183;20;0.53
3118;2396;52;5.81
3119;2172;13;4.1
3120;1281;47;0.27
3121;557;19;5.86
3122;1647;82;6.36
3123;2086;84;9.13
3124;1051;82;4.48
3125;374;70;6.56
3126;3088;11;8.69
3127;432;82;6.34
3128;2817;18;3.04
3129;2548;99;1.6
3130;220;67;3.56
3131;2720;60;8.54
3132;1165;76;9.95
3133;1188;87;2.39
3134;2396;72;8.53
3135;2424;3;0.48
3136;1105;44;5.02
3137;1856;58;2.46
3138;2469;44;6.59
3139;3075;50;0.7
3140;2447;61;4.96
3141;1632;61;2.01
3142;107;10;9.24
3143;1854;59;8.36
3144;2523;51;8.86
3145;940;22;5.56
3146;429;8;9.81
3147;735;57;9.35
3148;1268;54;7.89
3149;2016;38;5.43
3150;2952;41;9.74
3151;1301;74;9.27
3152;1209;100;8.47
3153;1920;87;4.78
3154;2346;33;0.13
3155;2619;27;7.22
3156;779;61;7.02
3157;1919;11;9.33
3158;2898;26;2.81
3159;2545;45;7.51
3160;2222;56;9.59
3161;884;44;1.41
3162;1439;9;4.58
3163;348;15;3.22
3164;160;46;0.99
3165;1662;85;0.79
3166;2723;40;4.01
3167;1612;58;0.28
3168;653;10;8.99
3169;2838;5;7.51
3170;1769;83;3.57
3171;371;89;7.17
3172;1267;51;0.46
3173;778;22;7.6
3174;2686;27;3.33
3175;478;16;2.04
3176;2073;28;8.49
3177;2536;11;6.33
3178;2877;39;0.8
3179;1399;69;2.68
3180;1787;44;1.39
3181;4;86;4.73
3182;2477;76;3.43
3183;2828;72;5.03
3184;875;97;7.56
3185;2821;86;7.76
3186;1592;95;2.88
3187;2326;86;9.6
3188;343;84;1.16
3189;1994;20;6.14
3190;1961;44;4.7
3191;2765;47;5.18
3192;1699;87;8.32
3193;322;33;5.01
3194;603;12;8.87
3195;2186;22;8.62
3196;2758;52;1.42
3197;1461;34;7.18
3198;1398;8;9.52
3199;2059;66;1.38
3200;652;34;6.87
3201;1508;84;0.67
3202;1082;86;2.44
3203;1434;97;0.96
3204;26;5;8.77
3205;2328;47;6.07
3206;1756;82;3.64
3207;2552;52;6.93
3208;2295;71;0.92
3209;211;4;4.7
3210;719;90;9.74
3211;2254;42;6.1
3212;883;87;2.91
3213;1068;23;1.02
3214;1928;62;1.94
3215;1321;42;7.25
3216;889;10;5.08
3217;445;94;0.89
3218;2144;28;6.9
3219;2521;85;0.43
3220;1170;40;4.38
3221;2412;97;1.93
3222;353;54;6.63
3223;270;15;4.83
3224;1041;92;9.76
3225;1864;79;2.41
3226;1281;36;1.29
3227;2425;78;4.77
3228;2974;96;2.66
3229;1524;46;5.64
3230;138;99;2.18
3231;955;77;5.06
3232;1520;40;6.02
3233;2261;84;4.93
3234;1524;4;5.9
3235;1856;21;7.78
3236;101;88;3.39
3237;1677;24;5.89
3238;606;71;6.13
3239;644;21;4.48
3240;662;76;8.98
3241;2486;21;1.34
3242;2442;35;6.3
3243;3015;22;9.5
3244;2064;37;7.19
3245;339;20;4.38
3246;1790;91;4.73
3247;2013;81;9.99
3248;1887;54;4.24
3249;599;38;9.41
3250;1966;4;8.47
3251;2702;76;6.98
3252;400;94;4.97
3253;1077;5;0.78
3254;2421;16;6.28
3255;849;39;9.28
3256;2791;94;6.2
3257;332;74;8.16
3258;2969;93;4.02
3259;575;97;7.7
3260;2109;81;1.19
3261;1069;50;7.27
3262;2728;5;1.19
3263;1483;40;4.62
3264;2644;58;5.03
3265;2472;60;0.09
3266;817;24;0.49
3267;2998;6;1.34
3268;2185;83;4.8
3269;3058;93;8.04
3270;848;14;6.23
3271;985;60;4.26
3272;448;19;3.87
3273;2340;96;8.52
3274;1677;82;3.76
3275;2332;94;3.95
3276;2255;100;3.34
3277;592;66;3.33
3278;926;2;7.13
3279;914;49;6.24
3280;714;87;1.38
3281;2272;1;4.28
3282;2130;82;3.14
3283;2432;91;0.92
3284;988;41;6.71
3285;1673;29;8.76
3286;501;4;2.34
3287;2420;18;0.59
3288;844;30;2.94
3289;244;43;4.22
3290;433;49;8.66
3291;1618;5;8.12
3292;2598;35;5.27
3293;448;6;9.66
3294;1524;8;6.07
3295;2883;30;8.81
3296;232;8;0.14
3297;1416;23;7.82
3298;1068;25;1.1
3299;1455;56;1.82
3300;2318;10;2.58
3301;2554;64;9.21
3302;373;36;4.11
3303;399;41;3.37
3304;270;91;9.39
3305;132;17;0.06
3306;936;31;5.07
3307;1981;99;8.71
3308;937;62;4.27
3309;1134;98;4.93
3310;1539;82;9.46
3311;2320;55;8.66
3312;2219;19;5.09
3313;135;99;3.53
3314;2477;56;3.61
3315;2537;2;5.91
3316;337;66;9.14
3317;2273;15;6.4
3318;2866;6;8.09
3319;2257;24;4.71
3320;146;26;4.92
3321;819;39;2.57
3322;1017;11;3.84
3323;2660;49;6.32
3324;356;85;0.77
3325;2917;26;6.7
3326;823;15;8.97
3327;2832;47;0.4
3328;1371;6;8.44
3329;413;61;5.27
3330;133;22;7.18
3331;2397;27;6.39
3332;996;83;9.79
3333;264;15;2.55
3334;2699;2;8.37
3335;2907;11;8.32
3336;2418;16;0.42
3337;905;70;4.85
3338;2693;80;6.39
3339;470;99;6.57
3340;1774;40;9.11
3341;303;30;3.79
3342;1449;20;7.03
3343;434;8;9.66
3344;126;40;2.05
3345;1294;100;4.6
3346;2610;82;4.87
3347;2490;24;6.12
3348;2175;95;2.15
3349;714;16;2.51
3350;1260;11;2.51
3351;1938;76;8.16
3352;2838;15;5.32
3353;2669;54;6.8
3354;1752;64;5.94
3355;1640;14;5.87
3356;1831;75;5.45
3357;2675;5;8.52
3358;3047;59;1.39
3359;1511;67;1.24
3360;2240;47;6.94
3361;864;43;5.08
3362;2672;50;9.75
3363;2052;26;9.18
3364;3029;47;2.46
3365;1920;17;0.81
3366;1849;34;2.61
3367;969;27;9.69
3368;2981;20;2.75
3369;2299;36;5.15
3370;1369;39;8.46
3371;2218;46;9.29
3372;2581;40;5.47
3373;1036;78;3.88
3374;1554;14;9.3
3375;1850;54;8.8
3376;814;90;7.73
3377;2040;85;2.21
3378;2018;69;0.9
3379;682;96;7.84
3380;1337;81;7.74
3381;1055;80;9.07
3382;2417;16;7.44
3383;1898;17;6.92
3384;2895;27;3.27
3385;1939;16;6.94
3386;2724;66;6.83
3387;504;15;5.48
3388;2550;29;0.95
3389;1130;32;2.72
3390;2334;43;5.4
3391;2769;18;5.64
3392;163;19;5.74
3393;2556;30;0.04
3394;1419;5;8.6
3395;687;1;9.67
3396;2560;63;3.42
3397;1635;89;7.84
3398;1500;98;6.24
3399;1526;90;5.71
3400;2786;11;5.68
3401;1215;23;5.59
3402;615;11;3.06
3403;598;13;1.19
3404;2080;46;8.64
3405;367;57;1.51
3406;780;53;7.39
3407;1676;88;0.72
3408;2336;20;6.52
3409;266;11;7.45
3410;48;37;3.96
3411;1086;62;7.64
3412;822;34;5.04
3413;2725;91;6.74
3414;2226;33;7.5
3415;1294;21;9.78
3416;2903;30;6.03
3417;976;30;5.6
3418;2825;36;8.31
3419;1850;32;7.89
3420;2116;82;9.37
3421;2154;26;6.1
3422;485;38;0.4
3423;1925;52;5.92
3424;14;53;2.15
3425;547;65;8.15
3426;3024;15;8.89
3427;2666;59;2.9
3428;2570;100;7.19
3429;2701;97;1.47
3430;1777;5;2.34
3431;980;21;1.16
3432;1916;71;4.95
3433;966;47;3.43
3434;230;22;5.94
3435;972;13;2.9
3436;844;19;4.19
3437;2520;89;2.15
3438;819;87;4.93
3439;1297;74;9.53
3440;797;8;8.35
3441;717;70;9.45
3442;2794;80;7.07
3443;1798;78;5.26
3444;1174;12;1.17
3445;1189;99;5.69
3446;1677;74;1.02
3447;3042;42;3.89
3448;467;50;2.74
3449;2346;8;4.93
3450;391;42;0.27
3451;1869;6;4.09
3452;1127;16;1.88
3453;381;40;2.43
3454;1916;20;0.93
3455;1377;2;2.31
3456;2862;69;5.86
3457;383;18;0.37
3458;2579;42;3.56
3459;1365;90;0.82
3460;1836;86;9.58
3461;1894;57;1.55
3462;1659;29;7.27
3463;60;10;0.49
3464;282;1;4.04
3465;1318;10;9.7
3466;2569;19;5.3
3467;1380;90;8.21
3468;1135;97;9.64
3469;220;31;9.52
3470;2837;48;2.54
3471;1075;60;0.65
3472;605;93;5.3
3473;2317;79;8.67
3474;146;81;3.11
3475;1190;86;4.01
3476;1498;48;4.81
3477;426;57;0.28
3478;1395;40;3.28
3479;1463;22;9.11
3480;2654;60;1.67
3481;2153;5;3.5
3482;2323;75;2.92
3483;2836;39;4.17
3484;2527;10;9.54
3485;1033;10;5.84
3486;1617;23;2.94
3487;1654;64;6.82
3488;1356;95;8.25
3489;2201;28;0.49
3490;2500;12;3.35
3491;2768;87;1.91
3492;2313;96;4.11
3493;1888;90;6.68
3494;269;85;6.17
3495;1983;38;8.45
3496;309;4;3.66
3497;2860;87;4.05
3498;614;38;7.0
3499;1310;86;1.24
3500;1476;12;3.25
3501;833;25;9.4
3502;1128;93;5.09
3503;2801;64;4.75
3504;1726;36;1.54
3505;1508;73;1.96
3506;3085;41;3.63
3507;2626;43;1.85
3508;2210;17;7.37
3509;2441;97;0.53
3510;1284;2;5.08
3511;310;89;8.84
3512;1791;22;2.63
3513;788;69;9.37
3514;1156;74;0.1
3515;5;62;9.27
3516;112;69;8.47
3517;2651;65;0.81
3518;440;90;5.46
3519;726;24;2.2
3520;2369;42;8.29
3521;1381;67;9.71
3522;2620;44;8.04
3523;582;82;8.87
3524;40;21;7.09
3525;1461;60;9.57
3526;147;81;5.71
3527;2670;10;7.24
3528;2793;45;8.62
3529;559;52;2.74
3530;487;1;5.95
3531;2467;66;7.33
3532;2855;6;1.68
3533;2518;74;7.39
3534;1442;95;6.38
3535;2078;58;4.62
3536;464;4;1.62
3537;2394;75;6.63
3538;469;77;6.38
3539;2054;61;5.68
3540;2141;50;8.63
3541;1909;8;9.2
3542;1431;89;6.74
3543;684;72;9.88
3544;1783;87;4.64
3545;2511;72;9.94
3546;1118;85;2.79
3547;1294;72;9.92
3548;1414;31;8.0
3549;264;42;4.65
3550;2268;40;7.57
3551;745;24;9.98
3552;989;62;2.2
3553;3084;36;6.14
3554;2457;78;4.68
3555;422;93;9.41
3556;1739;2;8.7
3557;2210;3;8.55
3558;2213;78;9.24
3559;737;96;1.08
3560;2374;38;0.11
3561;157;81;7.65
3562;1919;92;4.56
3563;1782;5;5.7
3564;1326;72;5.18
3565;2789;17;8.53
3566;3005;84;3.15
3567;493;90;5.39
3568;2294;46;1.07
3569;3090;99;0.19
3570;746;37;5.66
3571;2125;10;2.22
3572;2531;60;0.43
3573;2437;1;6.47
3574;2060;18;5.31
3575;504;20;2.97
3576;122;57;5.46
3577;2544;22;3.01
3578;1388;8;9.81
3579;855;43;3.25
3580;1543;3;5.71
3581;89;88;9.18
3582;2780;66;1.93
3583;872;59;5.09
3584;2193;58;8.49
3585;780;74;4.31
3586;297;82;9.25
3587;2116;49;1.01
3588;1772;43;9.84
3589;2731;20;2.74
3590;2253;52;3.22
3591;2911;57;8.48
3592;551;4;4.89
3593;2619;24;1.65
3594;580;1;1.2
3595;2737;40;1.35
3596;1143;68;8.32
3597;999;89;2.6
3598;1529;7;3.43
3599;2521;54;8.37
3600;1432;23;4.35
3601;2658;31;0.24
3602;2551;85;2.01
3603;2245;6;2.33
3604;3043;10;1.0
3605;2237;51;5.17
3606;1792;70;5.86
3607;292;81;9.22
3608;422;47;8.01
3609;2350;6;7.18
3610;1365;74;7.51
3611;2635;73;8.2
3612;1655;88;2.31
3613;2033;83;3.6
3614;688;61;0.18
3615;546;6;0.65
3616;2065;92;5.01
3617;1411;21;6.85
3618;2881;43;6.39
3619;1137;91;8.58
3620;625;4;2.69
3621;1353;5;9.04
3622;2307;25;1.98
3623;2176;35;6.74
3624;893;42;4.64
3625;1930;61;1.5
3626;553;82;8.26
3627;246;67;4.33
3628;686;22;2.23
3629;1520;72;3.08
3630;2094;51;0.24
3631;2178;40;9.95
3632;2766;72;4.06
3633;2856;94;6.59
3634;2424;54;7.26
3635;3018;90;9.34
3636;1069;54;3.98
3637;965;5;5.3
3638;540;35;0.75
3639;2058;65;9.97
3640;1314;66;9.56
3641;2864;64;0.14
3642;1837;20;7.79
3643;1188;99;7.73
3644;2509;9;7.87
3645;2523;33;2.88
3646;342;9;1.44
3647;2291;29;9.47
3648;3080;85;6.46
3649;1140;11;3.54
3650;3090;70;4.29
3651;2536;21;0.12
3652;2619;4;7.8
3653;1510;17;8.97
3654;1012;89;0.9
3655;1119;87;5.93
3656;2606;87;2.06
3657;881;93;3.72
3658;50;80;6.16
3659;2485;48;5.23
3660;232;52;4.47
3661;2707;15;2.22
3662;2891;34;7.87
3663;899;24;5.4
3664;2800;90;4.11
3665;1143;87;6.85
3666;2578;10;6.75
3667;70;51;0.29
3668;2946;83;4.05
3669;2744;78;5.52
3670;694;25;2.96
3671;2267;32;5.58
3672;1793;2;3.02
3673;408;25;3.45
3674;813;94;7.45
3675;275;67;7.57
3676;1486;67;9.29
3677;658;68;6.38
3678;777;63;1.88
3679;1604;35;4.53
3680;1099;62;2.93
3681;2909;27;7.12
3682;949;62;6.56
3683;2174;88;0.25
3684;140;77;3.64
3685;515;100;7.79
3686;155;85;1.08
3687;1989;22;1.23
3688;2073;72;4.67
3689;2400;72;2.19
3690;234;82;7.77
3691;408;59;7.98
3692;944;51;1.78
3693;1072;72;9.51
3694;2622;27;5.22
3695;2898;98;4.07
3696;37;23;6.08
3697;2891;52;4.17
3698;2335;40;7.16
3699;1066;75;6.68
3700;480;50;4.83
3701;2420;43;1.27
3702;2175;88;6.92
3703;2090;3;2.1
3704;1099;33;4.74
3705;966;58;5.99
3706;750;70;7.89
3707;359;24;5.78
3708;2765;34;7.75
3709;260;50;7.73
3710;2204;19;2.38
3711;1030;17;0.29
3712;387;97;4.28
3713;296;48;0.87
3714;2974;75;2.12
3715;946;28;1.8
3716;2629;43;5.28
3717;2189;30;9.47
3718;580;84;4.67
3719;1259;72;8.88
3720;930;79;8.94
3721;1876;91;4.33
3722;485;32;1.99
3723;899;53;3.05
3724;2503;5;1.39
3725;1899;14;4.25
3726;1297;1;5.74
3727;662;92;9.74
3728;1628;65;5.78
3729;402;56;4.82
3730;3096;95;7.19
3731;1781;51;9.5
3732;1156;2;8.06
3733;1110;63;1.16
3734;2909;7;5.19
3735;1362;20;6.52
3736;829;12;3.03
3737;1899;76;7.48
3738;1626;67;7.63
3739;2869;24;6.3
3740;1797;1;7.8
3741;1193;97;1.75
3742;2625;8;1.09
3743;2553;58;6.98
3744;2603;53;2.13
3745;2827;36;1.13
3746;1563;56;1.63
3747;2424;76;2.05
3748;1543;23;9.49
3749;214;51;0.62
3750;779;10;0.31
3751;748;96;9.39
3752;1534;42;7.38
3753;1976;73;5.27
3754;2357;99;2.92
3755;1353;84;8.45
3756;65;99;7.57
3757;846;35;9.65
3758;1003;2;1.34
3759;1391;92;2.22
3760;2494;50;8.08
3761;1476;25;5.76
3762;164;24;3.87
3763;68;29;8.03
3764;911;6;4.25
3765;856;68;9.53
3766;3004;33;9.2
3767;2139;91;6.55
3768;2372;29;3.93
3769;245;45;5.33
3770;2757;64;9.52
3771;869;100;7.29
3772;2164;78;9.99
3773;900;20;7.36
3774;157;50;0.01
3775;2817;25;9.55
3776;342;2;5.9
3777;1004;38;3.0
3778;1182;55;8.72
3779;1958;72;0.57
3780;738;84;1.66
3781;557;46;8.64
3782;2674;43;8.46
3783;873;100;6.73
3784;1049;55;0.18
3785;2243;88;0.4
3786;2263;56;7.52
3787;2071;7;6.98
3788;2522;94;8.2
3789;2138;3;2.04
3790;2482;57;0.71
3791;2271;77;9.81
3792;912;99;1.76
3793;1584;71;5.06
3794;140;62;9.84
3795;1377;75;3.44
3796;1377;52;4.8
3797;2697;72;8.92
3798;2003;14;8.71
3799;2333;24;7.34
3800;1174;4;3.33
3801;1836;19;8.23
3802;1181;85;4.78
3803;603;28;1.52
3804;3009;64;8.29
3805;2853;72;7.66
3806;114;82;9.76
3807;1339;38;4.53
3808;1862;91;0.95
3809;2291;73;8.8
3810;2352;6;2.92
3811;1544;60;5.79
3812;739;23;1.53
3813;2117;1;8.55
3814;2448;13;3.26
3815;249;41;9.36
3816;2604;98;9.88
3817;1998;39;5.07
3818;1998;24;0.91
3819;63;92;9.72
3820;2713;92;7.48
3821;2424;16;3.79
3822;2525;87;0.56
3823;1810;84;4.82
3824;695;60;7.93
3825;133;72;0.3
3826;2855;2;3.09
3827;1915;51;7.53
3828;1735;60;3.34
3829;2400;92;1.54
3830;96;46;1.85
3831;2179;54;0.15
3832;2824;99;3.86
3833;675;99;4.28
3834;1262;51;1.06
3835;1715;99;9.6
3836;2017;40;0.81
3837;1268;53;2.81
3838;1907;6;5.89
3839;1658;14;6.64
3840;387;75;8.9
3841;1125;86;6.23
3842;425;49;5.48
3843;1419;49;6.63
3844;768;84;3.29
3845;259;29;2.4
3846;460;60;1.36
3847;2339;40;6.76
3848;982;13;3.39
3849;1357;99;7.08
3850;200;85;8.45
3851;1208;81;5.67
3852;1476;2;8.92
3853;825;55;2.91
3854;1561;26;3.13
3855;1145;26;9.02
3856;1149;4;9.6
3857;1238;54;0.51
3858;2230;49;8.79
3859;2907;34;4.45
3860;1158;58;0.65
3861;1372;61;9.48
3862;2673;98;9.92
3863;2399;63;5.13
3864;2795;81;9.26
3865;2105;1;5.09
3866;179;13;9.83
3867;1040;90;5.56
3868;3077;24;2.82
3869;1330;30;9.85
3870;2650;46;7.42
3871;314;19;6.87
3872;7;46;2.68
3873;2649;34;0.14
3874;178;98;6.19
3875;1806;54;2.86
3876;2578;91;0.95
3877;1187;44;5.95
3878;2566;81;2.09
3879;1788;76;5.75
3880;2732;75;5.78
3881;460;71;3.1
3882;1107;31;0.31
3883;884;44;5.33
3884;2897;28;4.89
3885;695;15;0.12
3886;336;90;4.72
3887;2870;52;4.01
3888;1212;30;8.98
3889;2931;85;8.63
3890;2925;25;9.12
3891;196;50;8.27
3892;1609;51;0.82
3893;408;59;6.07
3894;848;11;1.44
3895;388;7;5.01
3896;353;86;7.31
3897;3112;6;1.08
3898;3004;9;0.65
3899;1622;47;9.29
3900;2754;17;1.15
3901;658;77;8.97
3902;693;88;0.23
3903;819;94;8.38
3904;2979;5;4.65
3905;959;97;3.86
3906;1261;74;5.37
3907;1904;36;2.49
3908;3001;80;3.62
3909;1089;7;8.02
3910;1388;55;5.98
3911;209;76;3.03
3912;2124;43;7.39
3913;1574;96;2.58
3914;557;92;0.77
3915;2776;33;8.77
3916;1899;59;2.21
3917;2026;42;4.81
3918;329;39;2.46
3919;1078;28;2.2
3920;1337;10;4.78
3921;9;13;1.5
3922;546;82;1.46
3923;1214;91;0.1
3924;47;42;7.45
3925;2389;37;4.49
3926;2131;4;1.44
3927;131;84;6.19
3928;2707;96;3.26
3929;273;46;7.8
3930;3071;81;0.57
3931;530;90;8.98
3932;2139;92;4.06
3933;516;22;9.03
3934;2903;53;3.92
3935;563;49;5.35
3936;1665;52;0.15
3937;2767;75;1.69
3938;2363;48;9.64
3939;1244;92;6.57
3940;1212;62;6.78
3941;3057;58;1.84
3942;2253;90;8.68
3943;1060;48;3.16
3944;2857;100;0.04
3945;2917;89;8.81
3946;2696;4;6.58
3947;1082;55;0.92
3948;328;39;5.84
3949;3059;6;8.29
3950;683;88;2.99
3951;3096;58;1.35
3952;1066;48;0.41
3953;220;72;2.78
3954;1130;15;7.89
3955;20;17;1.57
3956;2021;56;0.28
3957;2576;73;8.14
3958;802;23;3.78
3959;1564;31;6.55
3960;2344;9;4.45
3961;32;15;8.92
3962;1913;88;9.55
3963;976;54;9.81
3964;2217;73;2.8
3965;1290;63;8.5
3966;2621;61;3.42
3967;3010;21;3.48
3968;2863;39;8.96
3969;784;70;2.97
3970;847;99;9.47
3971;2843;62;1.8
3972;2154;93;9.43
3973;1109;3;1.05
3974;958;72;7.5
3975;2872;42;6.68
3976;2131;67;4.49
3977;2305;39;9.3
3978;135;65;3.42
3979;2694;11;1.88
3980;1832;4;8.72
3981;975;80;2.56
3982;941;52;8.47
3983;49;61;0.26
3984;2736;17;0.98
3985;1618;1;6.22
3986;994;10;0.07
3987;566;48;2.34
3988;2954;90;0.07
3989;2699;91;0.41
3990;2884;89;5.17
3991;1684;40;1.65
3992;2176;33;3.0
3993;2999;9;9.96
3994;3110;60;1.51
3995;888;72;2.12
3996;2749;75;0.45
3997;2500;4;3.0
3998;1622;93;5.95
3999;2489;72;2.52
4000;823;81;7.18
4001;1069;38;1.96
4002;2424;55;4.64
4003;759;84;1.55
4004;2101;77;1.11
4005;1588;19;0.95
4006;2115;12;6.69
4007;2160;32;3.95
4008;2367;11;2.26
4009;1893;71;9.2
4010;1060;76;5.76
4011;2564;31;3.64
4012;749;93;5.75
4013;2575;50;4.79
4014;2378;82;9.92
4015;1507;59;3.69
4016;1918;61;5.84
4017;2700;6;6.89
4018;2984;15;0.48
4019;713;61;6.82
4020;519;46;0.92
4021;463;73;2.1
4022;2949;70;6.94
4023;3042;52;0.29
4024;2551;31;4.96
4025;132;14;2.8
4026;686;68;2.88
4027;1039;61;1.33
4028;191;74;9.28
4029;1190;71;9.78
4030;2008;33;0.68
4031;201;30;3.43
4032;2890;21;2.81
4033;162;63;3.46
4034;2405;73;5.11
4035;2222;34;7.53
4036;1497;73;7.74
4037;1177;8;3.44
4038;2264;42;7.41
4039;1828;60;1.75
4040;1462;86;9.96
4041;1;75;9.03
4042;529;89;5.63
4043;2166;46;9.71
4044;1794;61;4.34
4045;2974;4;1.43
4046;160;80;0.09
4047;2097;2;8.76
4048;2110;76;2.86
4049;1379;61;6.65
4050;1380;64;6.82
4051;2390;76;3.17
4052;2296;62;0.44
4053;2218;87;6.39
4054;1885;63;1.95
4055;2264;29;0.16
4056;2308;8;5.26
4057;2034;69;8.38
4058;1026;85;8.73
4059;2497;66;8.52
4060;2563;29;2.12
4061;1399;3;1.4
4062;1116;35;0.28
4063;993;35;9.3
4064;1296;2;2.78
4065;241;31;1.05
4066;193;56;6.77
4067;839;96;0.91
4068;486;90;3.71
4069;2314;8;0.11
4070;293;24;6.37
4071;2869;19;9.47
4072;2161;95;5.04
4073;1638;92;4.67
4074;1231;11;9.6
4075;272;53;2.46
4076;406;69;3.76
4077;2164;57;5.35
4078;2129;100;4.34
4079;1422;50;5.93
4080;257;44;2.26
4081;2991;47;0.89
4082;1962;68;0.64
4083;2251;71;7.1
4084;1454;70;7.61
4085;373;95;8.67
4086;1794;10;9.97
4087;1690;59;6.91
4088;544;31;8.87
4089;12;7;0.33
4090;66;13;2.58
4091;2458;25;5.0
4092;846;60;0.24
4093;2357;100;7.73
4094;55;61;3.76
4095;1171;85;6.13
4096;458;19;9.41
4097;541;6;3.97
4098;2483;83;4.85
4099;3058;92;1.33
4100;375;29;7.45
4101;2286;36;9.9
4102;2768;31;9.8
4103;2273;30;1.85
4104;715;91;4.88
4105;3093;45;4.43
4106;2370;16;0.9
4107;869;56;8.42
4108;2398;26;2.97
4109;1014;5;5.56
4110;1615;64;6.01
4111;2236;15;5.2
4112;2264;60;5.76
4113;1886;9;2.17
4114;2682;73;4.46
4115;151;83;4.31
4116;41;53;4.1
4117;3098;75;8.03
4118;2692;58;8.36
4119;767;23;1.15
4120;1516;22;3.0
4121;1609;6;6.31
4122;1275;45;1.85
4123;2841;21;6.93
4124;1955;100;5.34
4125;383;65;6.39
4126;1148;70;4.25
4127;2172;12;2.08
4128;678;67;3.15
4129;1905;55;1.42
4130;400;86;2.28
4131;1464;58;2.88
4132;3005;20;8.49
4133;1383;97;5.35
4134;670;65;3.09
4135;1530;45;9.18
4136;1796;69;7.68
4137;1732;76;0.96
4138;429;62;5.04
4139;522;76;1.05
4140;1496;70;7.55
4141;983;42;0.93
4142;442;57;2.74
4143;848;70;9.88
4144;1195;48;1.02
4145;606;59;9.01
4146;2706;82;3.09
4147;56;70;3.8
4148;1463;37;3.49
4149;449;51;7.3
4150;971;60;8.79
4151;1151;32;1.0
4152;1265;35;1.03
4153;1250;72;3.57
4154;1198;92;1.0
4155;1241;26;7.39
4156;117;9;9.55
4157;548;16;9.85
4158;1723;24;9.4
4159;785;87;0.22
4160;805;93;4.11
4161;92;83;3.33
4162;1693;16;2.0
4163;1547;72;8.68
4164;41;34;6.83
4165;1421;46;1.94
4166;1000;100;8.78
4167;2755;32;1.02
4168;210;92;9.73
4169;2533;39;9.43
4170;2963;30;0.75
4171;2009;70;1.22
4172;581;87;6.27
4173;1459;51;4.45
4174;1543;48;7.56
4175;936;59;4.21
4176;1205;20;4.01
4177;1785;37;6.95
4178;1236;18;3.78
4179;380;62;5.3
4180;1574;54;9.08
4181;2717;74;5.21
4182;2137;94;4.66
4183;2542;65;9.65
4184;2471;66;5.32
4185;891;69;9.86
4186;421;39;3.54
4187;1112;57;9.02
4188;358;27;1.32
4189;2441;98;3.65
4190;2080;43;4.47
4191;2672;2;9.91
4192;2325;22;0.31
4193;750;27;7.84
4194;2724;87;2.01
4195;840;95;0.58
4196;1765;86;9.39
4197;2513;42;9.9
4198;241;29;2.08
4199;1544;73;5.93
4200;75;33;4.77
4201;2730;95;7.26
4202;1883;37;1.39
4203;1760;71;5.36
4204;557;62;0.38
4205;110;59;4.21
4206;2676;16;4.78
4207;2483;92;4.8
4208;986;91;8.84
4209;3111;58;7.7
4210;2487;74;6.7
4211;1492;53;6.74
4212;2906;72;4.3
4213;989;10;9.17
4214;713;36;5.87
4215;761;35;6.27
4216;1839;72;4.75
4217;919;25;8.61
4218;2459;81;3.11
4219;246;31;2.34
4220;357;76;9.7
4221;1292;67;6.81
4222;2739;50;8.51
4223;775;62;6.84
4224;2862;80;9.97
4225;286;21;9.55
4226;665;50;5.64
4227;1518;22;2.01
4228;2279;43;4.56
4229;2083;19;8.11
4230;2196;21;4.62
4231;917;62;3.1
4232;2877;80;4.89
4233;1626;59;4.41
4234;504;18;9.21
4235;2276;2;0.52
4236;1883;77;4.96
4237;21;54;8.65
4238;1583;53;8.28
4239;2520;39;7.43
4240;2930;53;6.8
4241;1007;12;2.36
4242;1498;94;7.54
4243;150;51;8.53
4244;190;55;3.64
4245;542;44;2.28
4246;2411;52;1.51
4247;2991;99;5.03
4248;58;54;4.56
4249;3015;90;9.83
4250;3;17;4.84
4251;169;1;7.52
4252;1657;6;8.14
4253;382;93;3.81
4254;324;63;9.93
4255;2479;95;8.4
4256;2889;50;0.67
4257;1816;49;3.46
4258;2238;84;5.6
4259;1173;6;4.23
4260;2994;26;5.12
4261;2123;34;0.11
4262;1602;32;5.22
4263;951;64;0.49
4264;746;16;6.86
4265;2099;69;1.91
4266;158;23;8.43
4267;1101;16;2.17
4268;2514;22;2.65
4269;1533;69;0.73
4270;1586;31;5.94
4271;265;20;0.95
4272;1917;56;8.38
4273;2116;93;4.43
4274;2923;82;6.22
4275;2135;20;2.72
4276;1393;84;7.1
4277;2718;12;0.01
4278;2413;83;6.68
4279;2013;16;2.38
4280;1512;13;0.64
4281;1761;33;9.52
4282;146;5;6.24
4283;3120;88;2.36
4284;2510;91;4.31
4285;2236;77;2.74
4286;173;93;2.14
4287;734;34;8.72
4288;1196;77;7.15
4289;572;48;4.58
4290;129;21;5.73
4291;1332;25;3.81
4292;2318;45;9.5
4293;1344;72;1.49
4294;836;85;6.09
4295;2633;39;9.24
4296;2514;68;1.25
4297;1922;93;5.19
4298;2877;6;3.08
4299;365;29;2.99
4300;55;100;9.93
4301;704;15;8.33
4302;309;61;8.72
4303;2140;91;9.83
4304;638;34;2.8
4305;2594;72;3.08
4306;2937;72;7.83
4307;2257;40;0.89
4308;590;43;7.96
4309;1121;100;3.05
4310;1394;37;7.6
4311;470;85;2.3
4312;187;97;3.16
4313;360;15;9.78
4314;2627;59;1.2
4315;1211;33;6.54
4316;290;39;3.87
4317;1844;81;4.96
4318;106;16;1.12
4319;1944;69;4.97
4320;1968;64;8.6
4321;1694;95;7.02
4322;92;46;5.8
4323;2733;30;7.57
4324;1608;99;4.94
4325;821;38;7.6
4326;666;14;9.79
4327;2531;59;6.84
4328;107;20;5.56
4329;2550;32;2.67
4330;2703;62;2.21
4331;1862;79;8.65
4332;2655;68;1.6
4333;2047;38;3.42
4334;1912;46;9.69
4335;1102;55;6.65
4336;610;55;9.15
4337;597;64;1.77
4338;1814;39;6.27
4339;2948;68;6.31
4340;1338;8;2.21
4341;406;50;1.95
4342;2521;67;0.9
4343;1473;64;9.56
4344;3037;22;1.44
4345;59;44;6.74
4346;2633;25;6.6
4347;2581;44;6.57
4348;2400;38;6.1
4349;864;63;3.31
4350;1454;80;1.61
4351;2254;89;6.79
4352;2413;65;9.21
4353;478;60;1.71
4354;2329;44;9.07
4355;3071;54;1.99
4356;1093;31;1.03
4357;350;91;6.17
4358;1449;96;0.38
4359;2032;36;6.01
4360;1369;62;2.1
4361;2273;21;6.24
4362;2068;89;2.62
4363;2456;91;7.81
4364;2196;52;1.15
4365;2714;68;6.96
4366;1775;69;2.75
4367;3068;83;2.05
4368;2454;90;8.23
4369;1290;28;7.96
4370;2745;20;3.35
4371;2805;31;4.64
4372;2283;76;1.73
4373;2360;20;6.93
4374;3024;82;2.95
4375;2664;53;8.77
4376;866;49;0.83
4377;2275;4;6.22
4378;242;51;9.88
4379;489;6;5.58
4380;752;49;3.79
4381;2058;2;5.6
4382;286;58;8.45
4383;2829;83;5.77
4384;782;92;1.39
4385;2407;67;6.07
4386;883;10;2.42
4387;921;45;2.73
4388;2550;32;5.03
4389;3059;11;4.15
4390;2257;53;7.95
4391;501;30;3.94
4392;528;74;5.64
4393;43;86;8.96
4394;2558;41;7.73
4395;126;7;8.64
4396;337;43;1.09
4397;1242;11;5.6
4398;1479;93;1.35
4399;2189;29;4.56
4400;1621;2;8.79
4401;2750;92;4.17
4402;3068;61;9.42
4403;877;57;8.01
4404;1432;50;7.36
4405;2788;3;1.78
4406;356;58;2.49
4407;2065;69;7.32
4408;2459;37;4.39
4409;100;9;3.21
4410;1;34;0.76
4411;1256;77;7.96
4412;1914;11;3.83
4413;918;90;6.67
4414;1049;47;6.79
4415;968;53;4.37
4416;1982;4;1.63
4417;600;10;7.87
4418;2121;59;9.41
4419;160;40;7.53
4420;2632;92;5.15
4421;152;76;4.11
4422;860;6;0.43
4423;802;86;8.92
4424;288;69;2.61
4425;1446;70;3.81
4426;328;6;6.91
4427;115;16;8.14
4428;374;22;2.7
4429;1563;73;9.84
4430;115;52;4.84
4431;81;54;9.76
4432;445;66;6.21
4433;2776;3;1.84
4434;424;58;4.56
4435;530;1;9.76
4436;2474;28;4.11
4437;3005;40;0.71
4438;431;27;6.08
4439;2823;65;4.74
4440;413;56;9.77
4441;905;81;8.38
4442;2467;33;1.1
4443;1707;65;6.56
4444;2511;100;8.38
4445;2597;67;8.09
4446;2062;66;3.25
4447;348;67;9.43
4448;383;10;8.55
4449;1694;9;3.93
4450;852;66;4.28
4451;1824;35;2.64
4452;2101;26;5.34
4453;206;3;1.13
4454;896;51;4.95
4455;1916;72;8.31
4456;721;37;2.04
4457;2148;77;1.26
4458;2167;64;3.55
4459;1614;92;6.3
4460;2686;91;4.18
4461;1490;50;4.63
4462;236;91;5.8
4463;2296;4;3.71
4464;2378;94;7.03
4465;547;44;8.75
4466;1579;58;1.07
4467;2106;12;4.14
4468;396;54;7.17
4469;2669;34;1.18
4470;2297;28;6.52
4471;830;37;1.0
4472;2487;88;7.75
4473;1453;95;4.06
4474;538;20;4.74
4475;2281;71;1.88
4476;2528;48;3.37
4477;2005;52;7.01
4478;3010;53;6.98
4479;779;72;0.44
4480;410;30;8.24
4481;1118;41;5.36
4482;2715;33;9.06
4483;302;27;7.36
4484;1058;46;1.59
4485;2708;68;9.88
4486;1785;100;3.57
4487;3033;74;3.63
4488;337;19;2.85
4489;291;65;0.06
4490;32;50;7.19
4491;2931;27;0.17
4492;2295;67;6.98
4493;2341;40;2.95
4494;1323;64;8.95
4495;3066;24;7.88
4496;333;62;5.56
4497;2722;28;0.78
4498;1970;68;0.77
4499;1933;31;7.27
4500;1684;17;4.21
4501;727;17;3.6
4502;1857;92;0.98
4503;321;75;0.48
4504;1962;48;9.2
4505;299;92;1.73
4506;2399;76;8.79
4507;672;81;3.85
4508;1934;4;3.75
4509;731;81;7.42
4510;2314;30;9.15
4511;2517;9;0.91
4512;110;5;4.04
4513;3092;100;4.96
4514;119;92;8.09
4515;2324;26;0.95
4516;425;44;9.64
4517;2818;36;9.07
4518;1889;28;4.26
4519;1624;81;8.45
4520;316;79;1.1
4521;449;53;4.86
4522;1567;18;7.33
4523;2854;33;4.96
4524;73;86;3.92
4525;1599;11;9.05
4526;2279;81;3.72
4527;1193;8;4.92
4528;2461;39;1.33
4529;2364;80;6.39
4530;2735;22;4.02
4531;420;84;9.46
4532;293;21;0.61
4533;2110;90;7.65
4534;1718;52;1.2
4535;735;84;4.33
4536;2726;23;1.5
4537;584;74;5.71
4538;335;8;9.81
4539;145;9;2.08
4540;2739;17;1.41
4541;2884;30;0.32
4542;312;56;4.91
4543;3016;92;3.91
4544;450;65;0.5
4545;2847;26;5.91
4546;1839;45;0.56
4547;617;53;9.85
4548;1095;65;1.02
4549;1140;41;4.94
4550;425;44;4.02
4551;941;42;6.65
4552;1994;53;2.53
4553;1988;16;0.74
4554;2704;91;8.88
4555;585;78;2.57
4556;2446;89;1.28
4557;2409;37;5.86
4558;11;27;4.46
4559;858;77;3.46
4560;2149;7;9.33
4561;2670;91;4.26
4562;718;52;8.93
4563;1939;15;0.38
4564;949;1;0.95
4565;1965;79;9.42
4566;928;27;3.75
4567;2010;52;8.43
4568;1403;73;6.4
4569;1075;31;3.59
4570;2695;79;8.77
4571;1449;41;3.31
4572;2695;76;0.81
4573;1154;81;1.16
4574;2219;7;9.66
4575;1064;84;8.63
4576;2682;1;3.77
4577;1266;14;4.34
4578;1445;42;8.4
4579;863;56;0.58
4580;939;82;1.62
4581;1183;79;2.14
4582;2333;28;1.27
4583;3069;95;4.88
4584;2940;83;2.35
4585;2975;1;0.94
4586;1619;88;4.94
4587;690;74;8.01
4588;54;14;6.69
4589;1488;39;0.68
4590;728;55;4.49
4591;2166;3;3.65
4592;118;98;3.46
4593;1231;51;8.96
4594;304;38;0.54
4595;307;50;5.57
4596;2892;31;7.42
4597;697;20;6.69
4598;2992;4;4.75
4599;1172;15;9.15
4600;503;47;0.06
4601;2446;58;8.91
4602;3006;67;4.22
4603;1912;91;7.49
4604;732;100;2.26
4605;3082;29;7.02
4606;812;19;0.77
4607;1218;87;5.38
4608;2120;17;3.36
4609;1335;55;5.45
4610;2707;8;7.81
4611;252;7;0.47
4612;314;11;5.07
4613;1034;30;0.29
4614;2240;19;6.18
4615;842;37;0.94
4616;771;36;5.93
4617;391;55;2.5
4618;2453;66;1.21
4619;2613;83;3.69
4620;275;2;4.86
4621;3115;72;3.3
4622;901;32;9.86
4623;974;73;9.39
4624;1238;81;0.1
4625;2647;53;1.44
4626;1389;49;6.19
4627;1904;12;3.77
4628;2331;37;2.43
4629;1589;76;4.84
4630;1217;96;5.15
4631;1980;2;7.4
4632;2644;82;1.24
4633;1064;96;8.33
4634;2161;27;1.32
4635;2547;69;4.73
4636;1845;72;1.47
4637;2728;9;9.32
4638;831;63;4.21
4639;2195;54;5.2
4640;3055;38;4.38
4641;635;39;0.69
4642;804;62;1.83
4643;2223;2;9.18
4644;171;80;4.1
4645;1279;47;0.6
4646;1617;96;1.9
4647;2376;89;1.23
4648;125;7;8.19
4649;775;97;0.45
4650;647;9;6.11
4651;1924;61;4.01
4652;2471;53;6.98
4653;879;7;3.38
4654;844;15;3.24
4655;957;47;3.03
4656;3043;56;0.53
4657;2631;35;0.39
4658;2121;100;3.84
4659;1708;81;6.17
4660;2405;27;5.66
4661;2884;51;2.06
4662;2731;69;2.94
4663;1190;8;4.55
4664;1539;39;8.6
4665;1355;47;8.9
4666;1855;73;5.94
4667;2542;68;6.28
4668;1412;42;4.68
4669;571;48;8.32
4670;1633;48;3.95
4671;1109;22;6.23
4672;1268;10;9.43
4673;2825;93;8.82
4674;2856;70;7.45
4675;3013;43;9.87
4676;200;38;5.48
4677;38;64;5.02
4678;2845;18;9.82
4679;2149;45;6.61
4680;363;13;0.9
4681;2631;44;9.7
4682;1048;100;6.19
4683;165;51;8.83
4684;634;78;1.31
4685;1350;52;7.18
4686;1869;60;0.31
4687;2322;59;7.93
4688;1106;80;3.48
4689;1101;59;1.3
4690;2779;95;6.72
4691;111;69;7.45
4692;3113;80;9.16
4693;3076;69;0.26
4694;407;64;7.53
4695;1533;90;8.61
4696;1462;3;8.82
4697;1184;52;1.66
4698;922;62;8.58
4699;762;95;0.08
4700;496;33;6.38
4701;930;19;1.82
4702;2001;43;9.53
4703;1297;15;6.27
4704;1280;15;3.66
4705;1661;1;7.52
4706;2685;68;7.38
4707;99;64;4.08
4708;3088;54;8.67
4709;1618;35;1.04
4710;312;82;9.1
4711;660;71;0.97
4712;551;37;9.75
4713;1556;40;2.46
4714;663;39;1.43
4715;243;25;7.29
4716;1589;37;0.63
4717;3081;12;5.97
4718;118;75;8.96
4719;559;92;2.34
4720;1288;2;7.19
4721;2756;58;7.51
4722;850;50;8.87
4723;75;23;5.12
4724;1634;73;2.67
4725;185;100;5.0
4726;2147;69;3.11
4727;709;47;1.58
4728;50;72;0.35
4729;1426;34;9.78
4730;1092;40;8.18
4731;2820;9;4.87
4732;1559;92;9.78
4733;2042;93;6.82
4734;2216;80;7.54
4735;2016;13;9.27
4736;3065;8;9.4
4737;2436;91;2.52
4738;3026;81;1.97
4739;836;40;8.21
4740;1546;90;9.92
4741;1697;99;7.83
4742;2131;78;1.96
4743;1703;9;0.3
4744;287;54;3.76
4745;60;72;5.31
4746;1500;61;0.14
4747;1786;80;4.99
4748;2038;79;4.81
4749;3000;99;3.59
4750;1152;85;1.51
4751;857;77;5.41
4752;3024;77;8.03
4753;814;30;3.62
4754;398;36;3.16
4755;579;26;4.21
4756;1874;35;6.67
4757;1954;81;1.64
4758;936;85;6.6
4759;2651;1;6.91
4760;394;28;7.55
4761;615;78;3.51
4762;2458;31;3.87
4763;2962;51;2.73
4764;3024;40;1.67
4765;116;71;8.68
4766;2668;88;6.75
4767;2417;65;0.46
4768;1226;57;5.83
4769;2342;79;0.83
4770;1321;99;7.71
4771;1025;44;0.16
4772;931;59;5.67
4773;339;24;2.05
4774;2863;9;0.08
4775;3012;82;8.32
4776;125;53;4.7
4777;298;47;9.42
4778;945;68;7.84
4779;560;14;6.71
4780;1488;29;0.26
4781;2923;93;8.76
4782;318;84;8.83
4783;2223;35;2.89
4784;1500;85;3.11
4785;787;43;9.51
4786;1628;85;6.12
4787;2832;68;4.29
4788;2789;63;3.5
4789;2040;77;6.32
4790;638;62;8.71
4791;1111;19;1.94
4792;178;84;5.69
4793;1243;63;1.0
4794;693;45;6.34
4795;1820;51;8.9
4796;3098;43;2.8
4797;2751;32;3.41
4798;1671;55;9.97
4799;2438;8;9.41
4800;1601;17;0.86
4801;82;22;5.81
4802;2104;37;9.88
4803;2479;28;9.94
4804;1977;54;7.79
4805;678;72;0.2
4806;559;69;6.55
4807;1768;27;2.96
4808;159;47;3.02
4809;2402;44;5.65
4810;2365;38;7.86
4811;2542;61;3.87
4812;301;60;5.61
4813;1514;1;0.7
4814;2789;73;4.44
4815;150;9;2.92
4816;156;81;0.95
4817;2503;29;9.38
4818;1545;73;9.43
4819;193;44;2.35
4820;578;52;8.86
4821;199;11;2.33
4822;1744;78;6.49
4823;2533;60;2.09
4824;2880;86;1.19
4825;538;87;4.17
4826;2992;8;9.34
4827;708;8;2.36
4828;836;40;6.54
4829;2017;53;1.62
4830;513;95;9.12
4831;1706;94;1.81
4832;1089;67;0.76
4833;2630;83;5.94
4834;1757;78;9.88
4835;88;64;2.27
4836;2819;1;6.6
4837;1088;54;3.45
4838;1022;85;8.89
4839;1310;55;8.56
4840;2140;51;5.34
4841;2334;3;0.27
4842;689;15;8.14
4843;818;56;7.33
4844;1402;20;5.67
4845;1763;4;6.77
4846;1843;61;2.25
4847;579;24;7.54
4848;2781;70;4.12
4849;547;76;1.61
4850;2682;65;9.59
4851;1924;12;6.23
4852;1287;50;7.6
4853;703;60;3.94
4854;2225;18;6.49
4855;1612;16;9.86
4856;758;83;8.05
4857;2367;47;4.55
4858;2402;76;4.93
4859;611;8;9.23
4860;2897;94;6.8
4861;1132;30;0.68
4862;2330;1;2.19
4863;1251;38;7.16
4864;1479;71;6.98
4865;1012;60;6.39
4866;641;21;6.95
4867;392;58;9.35
4868;32;8;4.2
4869;880;10;0.05
4870;1457;77;8.42
4871;405;45;1.4
4872;2422;4;1.7
4873;202;84;4.3
4874;315;20;1.7
4875;1665;80;6.19
4876;1922;49;8.27
4877;2355;82;6.94
4878;600;10;7.57
4879;1337;35;3.06
4880;2595;60;1.45
4881;2710;42;5.1
4882;2889;37;0.53
4883;1078;77;7.4
4884;2899;70;9.43
4885;1510;75;9.9
4886;181;90;1.54
4887;3029;16;1.4
4888;1625;89;7.39
4889;2735;55;2.8
4890;1230;40;3.73
4891;1549;69;6.91
4892;431;88;7.28
4893;1194;50;8.73
4894;2462;19;9.29
4895;2725;17;6.35
4896;52;12;4.66
4897;1240;56;5.84
4898;3061;60;0.11
4899;1696;87;3.78
4900;2475;45;6.87
4901;2931;52;2.36
4902;1956;39;2.89
4903;2961;36;4.93
4904;2313;56;8.98
4905;2440;63;2.49
4906;1412;54;5.84
4907;2362;59;5.87
4908;1418;34;1.26
4909;34;76;2.95
4910;383;84;3.99
4911;1000;56;6.03
4912;587;19;7.3
4913;2849;65;0.32
4914;337;13;8.64
4915;1978;47;2.0
4916;708;49;7.16
4917;3095;33;9.03
4918;723;88;6.64
4919;306;99;9.64
4920;1419;58;1.86
4921;950;94;8.55
4922;1835;12;3.03
4923;1048;37;4.44
4924;1237;6;3.85
4925;67;95;5.5
4926;1481;26;6.24
4927;2730;44;8.54
4928;2054;69;1.11
4929;1045;44;5.42
4930;2750;29;3.75
4931;1855;62;3.8
4932;2334;82;7.36
4933;2415;69;8.48
4934;583;7;6.15
4935;1787;9;9.74
4936;1296;44;2.66
4937;2448;93;5.03
4938;1611;66;0.85
4939;2763;97;9.5
4940;2866;59;9.62
4941;37;19;8.02
4942;1683;7;2.97
4943;2352;59;8.19
4944;2330;12;5.85
4945;2624;91;5.38
4946;2251;94;2.56
4947;1390;19;9.31
4948;1304;16;0.27
4949;1237;3;4.89
4950;528;36;0.89
4951;531;20;7.28
4952;1392;38;3.7
4953;1507;26;0.28
4954;2156;13;1.23
4955;739;88;5.13
4956;2266;28;7.74
4957;2694;80;0.71
4958;238;82;1.39
4959;637;32;9.38
4960;2064;37;2.75
4961;1004;62;6.39
4962;2709;17;4.78
4963;570;19;6.1
4964;1018;47;6.78
4965;2266;90;4.11
4966;1417;24;1.1
4967;3073;78;8.13
4968;456;19;3.82
4969;824;82;0.5
4970;1816;38;6.4
4971;656;16;5.42
4972;141;36;8.54
4973;745;75;1.41
4974;118;34;9.63
4975;1369;26;4.43
4976;1009;84;7.76
4977;2868;69;5.81
4978;1174;73;4.12
4979;2656;41;3.87
4980;1193;27;0.7
4981;614;19;6.55
4982;1288;18;8.38
4983;561;69;7.25
4984;1000;51;5.84
4985;1549;61;0.19
4986;2218;13;4.54
4987;1449;65;1.61
4988;3025;65;6.26
4989;1851;73;7.98
4990;632;3;6.15
4991;1649;81;5.19
4992;2460;74;0.38
4993;2820;65;1.51
4994;1414;59;7.24
4995;2272;57;7.49
4996;1294;96;6.63
4997;484;41;1.09
4998;651;58;8.85
4999;2003;53;1.46
5000;3084;78;3.94
